Дата и время,CO,NO2,NO,PM10,PM2.5,Давление,Влажность,| V |,_V_,-T-,Осадки,,,,,
16.01.2021 00:00,0.5,0.038,0.041,0.023,0.016,,,,,,,,,,,
16.01.2021 00:20,0.5,0.037,0.037,0.023,0.018,,,,,,,,,,,
16.01.2021 00:40,0.4,0.036,0.025,0.02,0.016,,,,,,,,,,,
16.01.2021 01:00,0.4,0.034,0.019,0.018,0.013,,,,,,,,,,,
16.01.2021 01:20,0.3,0.034,0.018,0.019,0.014,,,,,,,,,,,
16.01.2021 01:40,0.3,0.034,0.017,0.017,0.011,,,,,,,,,,,
16.01.2021 02:00,0.3,0.033,0.016,0.017,0.013,,,,,,,,,,,
16.01.2021 02:20,0.1,0.033,0.016,0.016,0.012,,,,,,,,,,,
16.01.2021 02:40,0.1,0.033,0.016,0.015,0.01,,,,,,,,,,,
16.01.2021 03:00,0.2,0.033,0.017,0.017,0.011,,,,,,,,,,,
16.01.2021 03:20,0.1,0.033,0.017,0.015,0.01,,,,,,,,,,,
16.01.2021 03:40,0.1,0.033,0.013,0.017,0.012,,,,,,,,,,,
16.01.2021 04:00,0.1,0.032,0.01,0.015,0.011,,,,,,,,,,,
16.01.2021 04:20,0.1,0.032,0.011,0.014,0.011,,,,,,,,,,,
16.01.2021 04:40,0.1,0.033,0.013,0.016,0.014,,,,,,,,,,,
16.01.2021 05:00,0.1,0.031,0.009,0.015,0.013,,,,,,,,,,,
16.01.2021 05:20,0.1,0.028,0.007,0.016,0.014,,,,,,,,,,,
16.01.2021 05:40,0.1,0.029,0.007,0.02,0.017,,,,,,,,,,,
16.01.2021 06:00,0.1,0.03,0.007,0.022,0.018,,,,,,,,,,,
16.01.2021 06:20,0.1,0.03,0.008,0.021,0.014,,,,,,,,,,,
16.01.2021 06:40,0.1,0.031,0.008,0.019,0.012,,,,,,,,,,,
16.01.2021 07:00,0.1,0.031,0.009,0.014,0.009,,,,,,,,,,,
16.01.2021 07:20,0.1,0.031,0.009,0.016,0.012,,,,,,,,,,,
16.01.2021 07:40,0.1,0.031,0.009,0.015,0.01,,,,,,,,,,,
16.01.2021 08:00,0.1,0.032,0.01,0.013,0.008,,,,,,,,,,,
16.01.2021 08:20,0.1,0.031,0.01,0.016,0.01,,,,,,,,,,,
16.01.2021 08:40,0.1,0.031,0.012,0.014,0.009,,,,,,,,,,,
16.01.2021 09:00,0.1,0.031,0.018,0.014,0.01,,,,,,,,,,,
16.01.2021 09:20,0.1,0.032,0.019,0.014,0.01,,,,,,,,,,,
16.01.2021 09:40,0.1,0.033,0.017,0.015,0.009,,,,,,,,,,,
16.01.2021 10:00,0.1,0.032,0.016,0.018,0.012,,,,,,,,,,,
16.01.2021 10:20,0.1,0.031,0.018,0.026,0.01,,,,,,,,,,,
16.01.2021 10:40,0.2,0.031,0.019,0.023,0.009,,,,,,,,,,,
16.01.2021 11:00,0.3,0.031,0.023,0.021,0.013,,,,,,,,,,,
16.01.2021 11:20,0.2,0.03,0.019,0.018,0.01,,,,,,,,,,,
16.01.2021 11:40,0.1,0.026,0.013,0.017,0.009,,,,,,,,,,,
16.01.2021 12:00,0.2,0.028,0.016,0.018,0.012,,,,,,,,,,,
16.01.2021 12:20,0.1,0.026,0.015,0.017,0.011,,,,,,,,,,,
16.01.2021 12:40,0.2,0.028,0.016,0.021,0.013,,,,,,,,,,,
16.01.2021 13:00,0.2,0.027,0.015,0.02,0.011,,,,,,,,,,,
16.01.2021 13:20,0.1,0.027,0.016,0.02,0.011,,,,,,,,,,,
16.01.2021 13:40,0.2,0.028,0.017,0.017,0.01,,,,,,,,,,,
16.01.2021 14:00,0.2,0.028,0.016,0.017,0.011,,,,,,,,,,,
16.01.2021 14:20,0.5,0.029,0.016,0.018,0.013,,,,,,,,,,,
16.01.2021 14:40,0.4,0.028,0.014,0.018,0.01,,,,,,,,,,,
16.01.2021 15:00,0.5,0.026,0.012,0.02,0.013,,,,,,,,,,,
16.01.2021 15:20,0.4,0.026,0.01,0.021,0.011,,,,,,,,,,,
16.01.2021 15:40,0.4,0.027,0.01,0.026,0.011,,,,,,,,,,,
16.01.2021 16:00,0.4,0.028,0.009,0.021,0.011,,,,,,,,,,,
16.01.2021 16:20,0.4,0.03,0.01,0.024,0.013,,,,,,,,,,,
16.01.2021 16:40,0.5,0.033,0.011,0.023,0.015,,,,,,,,,,,
16.01.2021 17:00,0.5,0.034,0.012,0.022,0.013,,,,,,,,,,,
16.01.2021 17:20,0.5,0.034,0.012,0.022,0.015,,,,,,,,,,,
16.01.2021 17:40,0.5,0.032,0.011,0.023,0.015,,,,,,,,,,,
16.01.2021 18:00,0.5,0.032,0.01,0.024,0.015,,,,,,,,,,,
16.01.2021 18:20,0.5,0.031,0.01,0.023,0.016,,,,,,,,,,,
16.01.2021 18:40,0.5,0.032,0.011,0.021,0.017,,,,,,,,,,,
16.01.2021 19:00,0.5,0.031,0.008,0.024,0.017,,,,,,,,,,,
16.01.2021 19:20,0.5,0.031,0.008,0.027,0.019,,,,,,,,,,,
16.01.2021 19:40,0.6,0.031,0.009,0.025,0.016,,,,,,,,,,,
16.01.2021 20:00,0.6,0.031,0.009,0.024,0.016,,,,,,,,,,,
16.01.2021 20:20,0.5,0.031,0.009,0.023,0.015,,,,,,,,,,,
16.01.2021 20:40,0.5,0.03,0.008,0.02,0.013,,,,,,,,,,,
16.01.2021 21:00,0.5,0.03,0.008,0.02,0.014,,,,,,,,,,,
16.01.2021 21:20,0.4,0.028,0.006,0.019,0.011,,,,,,,,,,,
16.01.2021 21:40,1.2,0.027,0.005,0.019,0.012,,,,,,,,,,,
16.01.2021 22:00,0.4,0.029,0.006,0.016,0.011,,,,,,,,,,,
16.01.2021 22:20,0.4,0.027,0.006,0.011,0.009,,,,,,,,,,,
16.01.2021 22:40,0.4,0.025,0.004,0.017,0.011,,,,,,,,,,,
16.01.2021 23:00,0.4,0.023,0.003,0.015,0.011,,,,,,,,,,,
16.01.2021 23:20,0.4,0.021,0.003,0.017,0.01,,,,,,,,,,,
16.01.2021 23:40,0.4,0.023,0.004,0.017,0.011,,,,,,,,,,,
17.01.2021 00:00,0.4,0.024,0.003,0.014,0.01,,,,,,,,,,,
17.01.2021 00:20,0.4,0.022,0.003,0.015,0.011,,,,,,,,,,,
17.01.2021 00:40,0.4,0.02,0.003,0.016,0.01,,,,,,,,,,,
17.01.2021 01:00,0.4,0.02,0.002,0.012,0.008,,,,,,,,,,,
17.01.2021 01:20,0.3,0.021,0.002,0.014,0.011,,,,,,,,,,,
17.01.2021 01:40,0.3,0.019,0.002,0.013,0.009,,,,,,,,,,,
17.01.2021 02:00,0.3,0.017,0.002,0.012,0.01,,,,,,,,,,,
17.01.2021 02:20,0.3,0.016,0.001,0.016,0.013,,,,,,,,,,,
17.01.2021 02:40,0.3,0.017,0.002,0.013,0.01,,,,,,,,,,,
17.01.2021 03:00,0.2,0.017,0.001,0.013,0.011,,,,,,,,,,,
17.01.2021 03:20,0.2,0.018,0.002,0.015,0.012,,,,,,,,,,,
17.01.2021 03:40,0.2,0.019,0.002,0.013,0.009,,,,,,,,,,,
17.01.2021 04:00,0.2,0.017,0.002,0.014,0.012,,,,,,,,,,,
17.01.2021 04:20,0.2,0.017,0.002,0.017,0.013,,,,,,,,,,,
17.01.2021 04:40,0.2,0.017,0.002,0.013,0.01,,,,,,,,,,,
17.01.2021 05:00,0.2,0.019,0.002,0.013,0.01,,,,,,,,,,,
17.01.2021 05:20,0.2,0.021,0.002,0.016,0.012,,,,,,,,,,,
17.01.2021 05:40,0.2,0.023,0.002,0.012,0.009,,,,,,,,,,,
17.01.2021 06:00,0.2,0.021,0.002,0.012,0.01,,,,,,,,,,,
17.01.2021 06:20,0.2,0.027,0.005,0.016,0.012,,,,,,,,,,,
17.01.2021 06:40,0.2,0.028,0.005,0.014,0.009,,,,,,,,,,,
17.01.2021 07:00,0.2,0.031,0.007,0.013,0.01,,,,,,,,,,,
17.01.2021 07:20,0.2,0.034,0.008,0.018,0.014,,,,,,,,,,,
17.01.2021 07:40,0.3,0.036,0.01,0.015,0.011,,,,,,,,,,,
17.01.2021 08:00,0.2,0.036,0.01,0.012,0.009,,,,,,,,,,,
17.01.2021 08:20,0.2,0.024,0.005,0.013,0.01,,,,,,,,,,,
17.01.2021 08:40,0.2,0.022,0.003,0.018,0.013,,,,,,,,,,,
17.01.2021 09:00,0.3,0.022,0.002,0.016,0.01,,,,,,,,,,,
17.01.2021 09:20,0.3,0.026,0.005,0.012,0.01,,,,,,,,,,,
17.01.2021 09:40,0.3,0.029,0.007,0.015,0.012,,,,,,,,,,,
17.01.2021 10:00,0.3,0.027,0.007,0.018,0.013,,,,,,,,,,,
17.01.2021 10:20,0.3,0.02,0.006,0.018,0.012,,,,,,,,,,,
17.01.2021 10:40,0.3,0.022,0.006,0.013,0.012,,,,,,,,,,,
17.01.2021 11:00,0.3,0.028,0.013,0.018,0.013,,,,,,,,,,,
17.01.2021 11:20,0.3,0.029,0.013,0.018,0.013,,,,,,,,,,,
17.01.2021 11:40,0.3,0.029,0.014,0.013,0.01,,,,,,,,,,,
17.01.2021 12:00,0.3,0.031,0.016,0.015,0.011,,,,,,,,,,,
17.01.2021 12:20,0.3,0.032,0.02,0.017,0.014,,,,,,,,,,,
17.01.2021 12:40,0.4,0.029,0.018,0.019,0.013,,,,,,,,,,,
17.01.2021 13:00,0.4,0.031,0.019,0.014,0.01,,,,,,,,,,,
17.01.2021 13:20,0.4,0.032,0.019,0.017,0.013,,,,,,,,,,,
17.01.2021 13:40,0.4,0.033,0.021,0.02,0.016,,,,,,,,,,,
17.01.2021 14:00,0.4,0.034,0.021,0.018,0.013,,,,,,,,,,,
17.01.2021 14:20,0.4,0.035,0.02,0.018,0.013,,,,,,,,,,,
17.01.2021 14:40,0.5,0.036,0.022,0.02,0.016,,,,,,,,,,,
17.01.2021 15:00,0.5,0.039,0.023,0.019,0.014,,,,,,,,,,,
17.01.2021 15:20,0.5,0.041,0.024,0.022,0.016,,,,,,,,,,,
17.01.2021 15:40,0.4,0.042,0.022,0.022,0.015,,,,,,,,,,,
17.01.2021 16:00,0.5,0.045,0.023,0.02,0.014,,,,,,,,,,,
17.01.2021 16:20,0.4,0.047,0.023,0.02,0.016,,,,,,,,,,,
17.01.2021 16:40,0.5,0.048,0.022,0.02,0.016,,,,,,,,,,,
17.01.2021 17:00,0.5,0.049,0.028,0.021,0.016,,,,,,,,,,,
17.01.2021 17:20,0.5,0.05,0.029,0.024,0.019,,,,,,,,,,,
17.01.2021 17:40,0.6,0.051,0.033,0.023,0.017,,,,,,,,,,,
17.01.2021 18:00,0.6,0.052,0.032,0.023,0.015,,,,,,,,,,,
17.01.2021 18:20,0.6,0.052,0.033,0.025,0.017,,,,,,,,,,,
17.01.2021 18:40,0.6,0.052,0.036,0.024,0.016,,,,,,,,,,,
17.01.2021 19:00,0.5,0.052,0.035,0.022,0.013,,,,,,,,,,,
17.01.2021 19:20,0.6,0.05,0.031,0.022,0.015,,,,,,,,,,,
17.01.2021 19:40,0.5,0.05,0.026,0.019,0.013,,,,,,,,,,,
17.01.2021 20:00,0.4,0.049,0.022,0.019,0.013,,,,,,,,,,,
17.01.2021 20:20,0.4,0.049,0.021,0.02,0.015,,,,,,,,,,,
17.01.2021 20:40,0.4,0.048,0.016,0.017,0.011,,,,,,,,,,,
17.01.2021 21:00,0.4,0.047,0.014,0.014,0.009,,,,,,,,,,,
17.01.2021 21:20,0.4,0.044,0.01,0.014,0.014,,,,,,,,,,,
17.01.2021 21:40,0.4,0.043,0.009,0.016,0.01,,,,,,,,,,,
17.01.2021 22:00,0.4,0.045,0.011,0.013,0.01,,,,,,,,,,,
17.01.2021 22:20,0.4,0.048,0.015,0.015,0.015,,,,,,,,,,,
17.01.2021 22:40,0.4,0.048,0.019,0.017,0.014,,,,,,,,,,,
17.01.2021 23:00,0.4,0.047,0.019,0.015,0.011,,,,,,,,,,,
17.01.2021 23:20,0.4,0.048,0.024,0.015,0.012,,,,,,,,,,,
17.01.2021 23:40,0.5,0.048,0.028,0.017,0.014,,,,,,,,,,,
18.01.2021 00:00,,,,,,749.1,87,0.4,286,-17.4,0,,,,,
18.01.2021 00:20,,,,,,749.1,87,0.3,0,-17.4,0,,,,,
18.01.2021 00:40,,,,,,749,87,0.3,292,-17.4,0,,,,,
18.01.2021 01:00,,,,,,749,87,0.4,291,-17.4,0,,,,,
18.01.2021 01:20,,,,,,749,87,0.3,292,-17.4,0,,,,,
18.01.2021 01:40,,,,,,749.2,87,0.5,0,-17.6,0,,,,,
18.01.2021 02:00,,,,,,749.2,87.7,0,0,-17.5,0,,,,,
18.01.2021 02:20,,,,,,749.2,87.6,0,0,-17,0,,,,,
18.01.2021 02:40,,,,,,749.3,87,0,0,-16.7,0,,,,,
18.01.2021 03:00,,,,,,749.3,87,0,0,-16.4,0,,,,,
18.01.2021 03:20,,,,,,749.4,87,0.1,70,-16.3,0,,,,,
18.01.2021 03:40,,,,,,749.4,87.6,0.2,0,-16,0,,,,,
18.01.2021 04:00,,,,,,749.5,87,0.1,70,-15.7,0,,,,,
18.01.2021 04:20,,,,,,749.4,87.4,0.1,70,-15.8,0,,,,,
18.01.2021 04:40,,,,,,749.4,87.1,0.5,211,-15.9,0,,,,,
18.01.2021 05:00,,,,,,749.4,86.9,0.5,262,-16.6,0,,,,,
18.01.2021 05:20,,,,,,749.4,87.5,0.3,0,-17,0,,,,,
18.01.2021 05:40,,,,,,749.5,87.9,0.4,238,-16.8,0,,,,,
18.01.2021 06:00,,,,,,749.6,87,0.6,0,-17.1,0,,,,,
18.01.2021 06:20,,,,,,749.9,87.2,0.4,238,-17.3,0,,,,,
18.01.2021 06:40,,,,,,750.2,88.4,0.6,237,-17.5,0,,,,,
18.01.2021 07:00,,,,,,750,89,0.6,0,-17.5,0,,,,,
18.01.2021 07:20,,,,,,749.9,90,0.3,238,-17.3,0,,,,,
18.01.2021 07:40,,,,,,749.6,90,0.3,238,-17.1,0,,,,,
18.01.2021 08:00,,,,,,749.6,89.4,0.4,238,-17.1,0,,,,,
18.01.2021 08:20,,,,,,749.5,89.7,0.3,238,-16.9,0,,,,,
18.01.2021 08:40,,,,,,749.5,89,0.3,0,-16.6,0,,,,,
18.01.2021 09:00,,,,,,749.5,88.4,0.3,238,-16.4,0,,,,,
18.01.2021 09:20,,,,,,749.5,88.7,0.3,238,-16.2,0,,,,,
18.01.2021 09:40,,,,,,749.7,88.6,0.3,0,-16,0,,,,,
18.01.2021 10:00,,,,,,749.9,88.1,0.2,238,-15.7,0,,,,,
18.01.2021 10:20,,,,,,749.9,89,0.3,0,-15.4,0,,,,,
18.01.2021 10:40,,,,,,750,88.7,0.5,0,-15.1,0,,,,,
18.01.2021 11:00,,,,,,750,88.2,0.5,238,-14.8,0,,,,,
18.01.2021 11:20,,,,,,749.8,88.1,0.4,238,-14.2,0,,,,,
18.01.2021 11:40,,,,,,749.8,87,0.7,238,-13.8,0,,,,,
18.01.2021 12:00,,,,,,749.8,87.1,0.5,237,-13.1,0,,,,,
18.01.2021 12:20,,,,,,749.6,86.4,0.6,237,-12.9,0,,,,,
18.01.2021 12:40,,,,,,749.6,86.9,0.6,0,-13.2,0,,,,,
18.01.2021 13:00,,,,,,749.4,87.4,0.4,237,-13.4,0,,,,,
18.01.2021 13:20,,,,,,749.5,88,0.3,237,-13.1,0,,,,,
18.01.2021 13:40,,,,,,749.6,86.8,0.9,237,-12.6,0,,,,,
18.01.2021 14:00,,,,,,749.6,85.8,0.7,0,-13,0,,,,,
18.01.2021 14:20,,,,,,749.5,86,0.4,0,-12.9,0,,,,,
18.01.2021 14:40,,,,,,749.4,86,0.6,237,-12.9,0,,,,,
18.01.2021 15:00,,,,,,749.3,86,0.5,237,-12.8,0,,,,,
18.01.2021 15:20,,,,,,749.4,86,0.4,237,-12.8,0,,,,,
18.01.2021 15:40,,,,,,749.4,86,0.3,0,-12.9,0,,,,,
18.01.2021 16:00,,,,,,749.4,86,0.4,237,-12.8,0,,,,,
18.01.2021 16:20,,,,,,749.3,86,0.3,237,-12.8,0,,,,,
18.01.2021 16:40,,,,,,749.4,86,0.5,238,-13.1,0,,,,,
18.01.2021 17:00,,,,,,749.4,86.6,0.4,238,-13.5,0,,,,,
18.01.2021 17:20,,,,,,749.4,87,0.5,239,-13.6,0,,,,,
18.01.2021 17:40,,,,,,749.4,87,0.4,238,-13.6,0,,,,,
18.01.2021 18:00,,,,,,749.4,87.3,0.4,0,-13.5,0,,,,,
18.01.2021 18:20,,,,,,749.2,87.4,0.2,238,-13.3,0,,,,,
18.01.2021 18:40,,,,,,749.2,87.2,0.3,0,-13,0,,,,,
18.01.2021 19:00,,,,,,749.1,87,0.1,238,-12.9,0,,,,,
18.01.2021 19:20,,,,,,749.2,87,0.1,0,-12.7,0,,,,,
18.01.2021 19:40,,,,,,749.1,86.6,0.4,238,-12.9,0,,,,,
18.01.2021 20:00,,,,,,749.1,87,0.7,238,-13.4,0,,,,,
18.01.2021 20:20,,,,,,749,87.2,0.8,238,-13.8,0,,,,,
18.01.2021 20:40,,,,,,749,88,0.9,75,-14,0,,,,,
18.01.2021 21:00,,,,,,749,88,0.5,0,-13.9,0,,,,,
18.01.2021 21:20,,,,,,749,88,0.7,83,-13.7,0,,,,,
18.01.2021 21:40,,,,,,749,88,0.8,69,-13.8,0,,,,,
18.01.2021 22:00,,,,,,749,89,0.7,332,-14,0,,,,,
18.01.2021 22:20,,,,,,749,89,0.4,0,-14,0,,,,,
18.01.2021 22:40,,,,,,749,88.9,0.4,16,-13.8,0,,,,,
18.01.2021 23:00,,,,,,749,88,0.4,16,-13.9,0,,,,,
18.01.2021 23:20,,,,,,749,88,0.4,16,-13.9,0,,,,,
18.01.2021 23:40,,,,,,749.1,88,0.3,16,-13.8,0,,,,,
19.01.2021 00:00,,,,,,749.2,88,0.5,39,-13.7,0,,,,,
19.01.2021 00:20,,,,,,749.2,88,0.5,39,-13.8,0,,,,,
19.01.2021 00:40,,,,,,749.1,88,0.4,0,-13.9,0,,,,,
19.01.2021 01:00,,,,,,749,88,0.3,0,-13.8,0,,,,,
19.01.2021 01:20,,,,,,749,88,0.4,0,-13.8,0,,,,,
19.01.2021 01:40,,,,,,748.8,88,0.5,39,-14,0,,,,,
19.01.2021 02:00,,,,,,748.8,88,0.7,40,-14.2,0,,,,,
19.01.2021 02:20,,,,,,748.6,88,0.7,0,-14.3,0,,,,,
19.01.2021 02:40,,,,,,748.6,88,0.6,39,-14.4,0,,,,,
19.01.2021 03:00,,,,,,748.6,88,0.7,39,-14.3,0,,,,,
19.01.2021 03:20,,,,,,748.6,88,0.9,40,-14.4,0,,,,,
19.01.2021 03:40,,,,,,748.6,88.2,0.9,50,-14.5,0,,,,,
19.01.2021 04:00,,,,,,748.6,89,0.7,50,-14.6,0,,,,,
19.01.2021 04:20,,,,,,748.6,89.3,0.6,52,-14.5,0,,,,,
19.01.2021 04:40,,,,,,748.6,90,0.7,52,-14.5,0,,,,,
19.01.2021 05:00,,,,,,748.5,90,0.7,52,-14.5,0,,,,,
19.01.2021 05:20,,,,,,748.4,90.3,0.1,0,-14.2,0,,,,,
19.01.2021 05:40,,,,,,748.4,90,0.3,52,-13.8,0,,,,,
19.01.2021 06:00,,,,,,748.3,90,0.3,52,-13.6,0,,,,,
19.01.2021 06:20,,,,,,748.3,89,0.3,52,-13.5,0,,,,,
19.01.2021 06:40,,,,,,748.2,89,0.3,52,-13.4,0,,,,,
19.01.2021 07:00,,,,,,748.2,89,0.4,52,-13.3,0,,,,,
19.01.2021 07:20,,,,,,748.2,89,0.5,52,-13.3,0,,,,,
19.01.2021 07:40,,,,,,748.2,89,0.6,52,-13.4,0,,,,,
19.01.2021 08:00,,,,,,748.1,89,0.6,70,-13.4,0,,,,,
19.01.2021 08:20,,,,,,748.1,88.9,0.8,70,-13.3,0,,,,,
19.01.2021 08:40,,,,,,748.1,89,0.6,0,-13.2,0,,,,,
19.01.2021 09:00,,,,,,748.2,88.3,0.8,69,-13.1,0,,,,,
19.01.2021 09:20,,,,,,748.3,88.5,0.5,317,-13.1,0,,,,,
19.01.2021 09:40,,,,,,748.4,88.7,0.6,4,-13,0,,,,,
19.01.2021 10:00,,,,,,748.5,89,0.3,0,-12.9,0,,,,,
19.01.2021 10:20,,,,,,748.4,89.2,0.2,0,-12.4,0,,,,,
19.01.2021 10:40,,,,,,748.4,88.4,0.2,0,-11.9,0,,,,,
19.01.2021 11:00,,,,,,748.3,88,0.5,4,-11.8,0,,,,,
19.01.2021 11:20,,,,,,748.3,88,0.6,193,-11.6,0,,,,,
19.01.2021 11:40,,,,,,748.3,88.2,0.8,193,-11.6,0,,,,,
19.01.2021 12:00,,,,,,748.2,88,0.6,193,-11.3,0,,,,,
19.01.2021 12:20,,,,,,748.2,86.8,0.7,212,-10.8,0,,,,,
19.01.2021 12:40,,,,,,748.1,86.6,0.7,213,-11.2,0,,,,,
19.01.2021 13:00,,,,,,748.1,87,0.6,213,-11.1,0,,,,,
19.01.2021 13:20,,,,,,748.1,87,0.7,196,-11,0,,,,,
19.01.2021 13:40,,,,,,748,87,0.7,240,-11,0,,,,,
19.01.2021 14:00,,,,,,747.8,87,0.7,255,-11.1,0,,,,,
19.01.2021 14:20,,,,,,747.7,87,0.6,264,-11,0,,,,,
19.01.2021 14:40,,,,,,747.6,87.5,0.6,0,-11.2,0,,,,,
19.01.2021 15:00,,,,,,747.5,88,0.5,240,-11.2,0,,,,,
19.01.2021 15:20,,,,,,747.5,88,0.6,0,-11.2,0,,,,,
19.01.2021 15:40,,,,,,747.5,88.2,0.4,216,-11,0,,,,,
19.01.2021 16:00,,,,,,747.5,88.1,0.7,216,-11.1,0,,,,,
19.01.2021 16:20,,,,,,747.6,88.9,0.7,256,-11.3,0,,,,,
19.01.2021 16:40,,,,,,747.7,89,0.6,233,-11.3,0,,,,,
19.01.2021 17:00,,,,,,747.7,89,0.8,233,-11.3,0,,,,,
19.01.2021 17:20,,,,,,747.6,89,0.6,0,-11.4,0,,,,,
19.01.2021 17:40,,,,,,747.6,89,0.6,199,-11.3,0,,,,,
19.01.2021 18:00,,,,,,747.6,89,0.7,235,-11.3,0,,,,,
19.01.2021 18:20,,,,,,747.5,89.1,0.7,218,-11.3,0,,,,,
19.01.2021 18:40,,,,,,747.7,89,0.6,0,-11.2,0,,,,,
19.01.2021 19:00,,,,,,747.7,89,0.6,219,-11.2,0,,,,,
19.01.2021 19:20,,,,,,747.8,89,0.5,216,-11.1,0,,,,,
19.01.2021 19:40,,,,,,747.8,89,0.7,287,-11.1,0,,,,,
19.01.2021 20:00,,,,,,747.9,89.1,0.6,0,-11.2,0,,,,,
19.01.2021 20:20,,,,,,747.9,89.5,0.5,256,-11.2,0,,,,,
19.01.2021 20:40,,,,,,747.8,89.2,0.6,226,-11.2,0,,,,,
19.01.2021 21:00,,,,,,747.8,89.7,0.7,226,-11,0,,,,,
19.01.2021 21:20,,,,,,747.8,89.2,0.6,241,-11.2,0,,,,,
19.01.2021 21:40,,,,,,747.8,89.8,0.5,251,-11.2,0,,,,,
19.01.2021 22:00,,,,,,747.8,89.7,0.7,241,-11.1,0,,,,,
19.01.2021 22:20,,,,,,747.8,89.2,0.8,245,-11.2,0,,,,,
19.01.2021 22:40,,,,,,747.8,90,0.6,0,-11.3,0,,,,,
19.01.2021 23:00,,,,,,747.8,90,0.6,213,-11.1,0,,,,,
19.01.2021 23:20,,,,,,747.8,90,0.5,199,-11.1,0,,,,,
19.01.2021 23:40,,,,,,747.8,90.3,0.6,226,-11,0,,,,,
15.01.2021 00:00,,,,,,741.3,88,0.3,0,-13.1,0,,,,,
15.01.2021 00:20,,,,,,741.2,88.1,0.4,0,-12.9,0,,,,,
15.01.2021 00:40,,,,,,741.3,87.8,0.5,0,-13,0,,,,,
15.01.2021 01:00,,,,,,741.4,87.6,0.6,236,-13,0,,,,,
15.01.2021 01:20,,,,,,741.6,87,0.4,235,-13.2,0,,,,,
15.01.2021 01:40,,,,,,741.5,87,0.4,235,-13.2,0,,,,,
15.01.2021 02:00,,,,,,741.5,87.2,0.5,235,-13.2,0,,,,,
15.01.2021 02:20,,,,,,741.5,87.2,0.4,235,-13.1,0,,,,,
15.01.2021 02:40,,,,,,741.7,87,0.5,235,-13.1,0,,,,,
15.01.2021 03:00,,,,,,741.8,87.6,0.4,0,-13.2,0,,,,,
15.01.2021 03:20,,,,,,741.8,87.1,0.3,0,-13,0,,,,,
15.01.2021 03:40,,,,,,741.8,87,0.3,0,-13,0,,,,,
15.01.2021 04:00,,,,,,741.8,87,0.2,0,-13,0,,,,,
15.01.2021 04:20,,,,,,741.8,87,0.3,0,-13,0,,,,,
15.01.2021 04:40,,,,,,741.9,87,0.2,0,-13.1,0,,,,,
15.01.2021 05:00,,,,,,741.9,87,0.3,235,-13.1,0,,,,,
15.01.2021 05:20,,,,,,742.1,87.2,0.2,235,-13.2,0,,,,,
15.01.2021 05:40,,,,,,742.1,87,0.3,235,-13.3,0,,,,,
15.01.2021 06:00,,,,,,742.1,87,0.3,235,-13.5,0,,,,,
15.01.2021 06:20,,,,,,742.2,87,0.2,235,-13.7,0,,,,,
15.01.2021 06:40,,,,,,742.3,87,0.3,235,-13.8,0,,,,,
15.01.2021 07:00,,,,,,742.7,87.2,0.2,235,-14,0,,,,,
15.01.2021 07:20,,,,,,742.7,87,0.8,235,-14.2,0,,,,,
15.01.2021 07:40,,,,,,742.7,87.7,0.7,235,-14.5,0,,,,,
15.01.2021 08:00,,,,,,742.7,88,0.9,235,-14.7,0,,,,,
15.01.2021 08:20,,,,,,742.7,88,0.8,75,-14.8,0,,,,,
15.01.2021 08:40,,,,,,742.8,88,0.7,76,-15,0,,,,,
15.01.2021 09:00,,,,,,742.9,88,0.7,76,-15,0,,,,,
15.01.2021 09:20,,,,,,743.1,88,0.7,0,-15,0,,,,,
15.01.2021 09:40,,,,,,743.3,88.4,0.2,0,-14.7,0,,,,,
15.01.2021 10:00,,,,,,743.5,88.3,0.3,76,-14.4,0,,,,,
15.01.2021 10:20,,,,,,743.5,88,0.5,43,-14.2,0,,,,,
15.01.2021 10:40,,,,,,743.5,87.4,1.1,50,-14.4,0,,,,,
15.01.2021 11:00,,,,,,743.5,87.9,0.9,79,-14.4,0,,,,,
15.01.2021 11:20,,,,,,743.8,88,1,54,-14.3,0,,,,,
15.01.2021 11:40,,,,,,743.8,87.8,0.6,48,-13.9,0,,,,,
15.01.2021 12:00,,,,,,743.9,87.1,0.5,323,-13.6,0,,,,,
15.01.2021 12:20,,,,,,743.9,86.9,0.7,57,-13.2,0,,,,,
15.01.2021 12:40,,,,,,743.7,87,0.6,0,-13.2,0,,,,,
15.01.2021 13:00,,,,,,743.6,86.6,0.7,63,-12.9,0,,,,,
15.01.2021 13:20,,,,,,743.7,86.8,0.5,62,-12.8,0,,,,,
15.01.2021 13:40,,,,,,743.7,86.4,0.7,0,-12.4,0,,,,,
15.01.2021 14:00,,,,,,743.6,86.8,0.4,58,-12,0,,,,,
15.01.2021 14:20,,,,,,743.9,86.2,0.6,54,-12,0,,,,,
15.01.2021 14:40,,,,,,743.8,86.7,1,32,-11.8,0,,,,,
15.01.2021 15:00,,,,,,743.8,86.9,0.9,71,-11.6,0,,,,,
15.01.2021 15:20,,,,,,743.8,86.3,1,68,-11.6,0,,,,,
15.01.2021 15:40,,,,,,743.8,86,1,93,-11.7,0,,,,,
15.01.2021 16:00,,,,,,743.9,86.1,1.2,85,-11.6,0,,,,,
15.01.2021 16:20,,,,,,743.8,86.7,1.3,82,-11.7,0,,,,,
15.01.2021 16:40,,,,,,743.8,87,1.4,69,-11.8,0,,,,,
15.01.2021 17:00,,,,,,743.9,87,2,71,-12,0,,,,,
15.01.2021 17:20,,,,,,743.8,87,1.3,82,-11.9,0,,,,,
15.01.2021 17:40,,,,,,743.8,87,1.4,66,-11.9,0,,,,,
15.01.2021 18:00,,,,,,743.7,87.6,1.1,83,-12,0,,,,,
15.01.2021 18:20,,,,,,743.6,87.4,0.7,332,-12,0,,,,,
15.01.2021 18:40,,,,,,743.5,87.8,0.8,69,-12.2,0,,,,,
15.01.2021 19:00,,,,,,743.7,87,0.9,81,-12.6,0,,,,,
15.01.2021 19:20,,,,,,743.7,87,1.3,83,-12.7,0,,,,,
15.01.2021 19:40,,,,,,743.5,87,1,76,-12.6,0,,,,,
15.01.2021 20:00,,,,,,743.4,87,1.1,40,-12.7,0,,,,,
15.01.2021 20:20,,,,,,743.4,87,1,87,-12.7,0,,,,,
15.01.2021 20:40,,,,,,743.4,87.6,1,66,-12.7,0,,,,,
15.01.2021 21:00,,,,,,743.5,88,1,19,-12.7,0,,,,,
15.01.2021 21:20,,,,,,743.5,88,1.1,64,-12.8,0,,,,,
15.01.2021 21:40,,,,,,743.6,87.2,1.1,322,-13.2,0,,,,,
15.01.2021 22:00,,,,,,743.6,88,1,17,-13.4,0,,,,,
15.01.2021 22:20,,,,,,743.6,87.7,0.9,55,-13.5,0,,,,,
15.01.2021 22:40,,,,,,743.5,88,0.8,68,-13.5,0,,,,,
15.01.2021 23:00,,,,,,743.2,87.7,0.9,64,-13.6,0,,,,,
15.01.2021 23:20,,,,,,743.1,88,0.7,79,-13.6,0,,,,,
15.01.2021 23:40,,,,,,743,88,0.9,336,-13.2,0,,,,,
27.07.2021 00:00,,,,,,752.4,64.6,0,0,22.5,0,,,,,
27.07.2021 00:20,,,,,,752.4,65.8,0,0,22.1,0,,,,,
27.07.2021 00:40,,,,,,752.5,67.6,0,0,21.6,0,,,,,
27.07.2021 01:00,,,,,,752.5,68.7,0,0,21.1,0,,,,,
27.07.2021 01:20,,,,,,752.5,70,0,0,20.7,0,,,,,
27.07.2021 01:40,,,,,,752.6,71.3,0,0,20.3,0,,,,,
27.07.2021 02:00,,,,,,752.6,72,0,0,20,0,,,,,
27.07.2021 02:20,,,,,,752.7,72.8,0,0,19.8,0,,,,,
27.07.2021 02:40,,,,,,752.7,73.9,0,0,19.6,0,,,,,
27.07.2021 03:00,,,,,,752.7,74,0,0,19.4,0,,,,,
27.07.2021 03:20,,,,,,752.8,75.2,0,0,19.2,0,,,,,
27.07.2021 03:40,,,,,,752.7,76,0,0,19,0,,,,,
27.07.2021 04:00,,,,,,752.7,76,0,0,18.8,0,,,,,
27.07.2021 04:20,,,,,,752.7,76.3,0,0,18.6,0,,,,,
27.07.2021 04:40,,,,,,752.6,77,0,0,18.3,0,,,,,
27.07.2021 05:00,,,,,,752.6,78,0,0,18.1,0,,,,,
27.07.2021 05:20,,,,,,752.7,78.6,0,0,18,0,,,,,
27.07.2021 05:40,,,,,,752.7,80.9,0,0,18.1,0,,,,,
27.07.2021 06:00,,,,,,752.7,82.8,0,0,18.2,0,,,,,
27.07.2021 06:20,,,,,,752.7,83.9,0,0,18.6,0,,,,,
27.07.2021 06:40,,,,,,752.7,82,0,0,19.1,0,,,,,
27.07.2021 07:00,,,,,,752.6,78,0,0,19.6,0,,,,,
27.07.2021 07:20,,,,,,752.5,74.6,0,0,20.6,0,,,,,
27.07.2021 07:40,,,,,,752.5,71.6,0.1,25,21.2,0,,,,,
27.07.2021 08:00,,,,,,752.4,67.7,0,0,21.9,0,,,,,
27.07.2021 08:20,,,,,,752.3,63.8,0,0,22.5,0,,,,,
27.07.2021 08:40,,,,,,752.2,60,0.1,0,23.1,0,,,,,
27.07.2021 09:00,,,,,,752.2,57.5,0,0,23.8,0,,,,,
27.07.2021 09:20,,,,,,752.2,54.7,0.2,354,24.5,0,,,,,
27.07.2021 09:40,,,,,,752.2,53.2,0.3,0,25.2,0,,,,,
27.07.2021 10:00,,,,,,752.2,52.5,0.2,0,25.4,0,,,,,
27.07.2021 10:20,,,,,,752.2,51.6,0.3,0,25.5,0,,,,,
27.07.2021 10:40,,,,,,752.1,51.5,0.3,0,25.6,0,,,,,
27.07.2021 11:00,,,,,,752.1,49.6,0.3,0,25.6,0,,,,,
27.07.2021 11:20,,,,,,752,49.3,0.3,16,25.8,0,,,,,
27.07.2021 11:40,,,,,,752,49.2,0.3,0,26,0,,,,,
27.07.2021 12:00,,,,,,751.8,48.1,0.1,34,26.4,0,,,,,
27.07.2021 12:20,,,,,,751.8,45.9,0.3,0,27.1,0,,,,,
27.07.2021 12:40,,,,,,751.8,45.2,0.4,0,27.4,0,,,,,
27.07.2021 13:00,,,,,,751.6,44.6,0.3,0,27.7,0,,,,,
27.07.2021 13:20,,,,,,751.5,44.3,0.2,41,28,0,,,,,
27.07.2021 13:40,,,,,,751.4,44.7,0.3,0,28.1,0,,,,,
27.07.2021 14:00,,,,,,751.3,43.3,0.1,0,28.7,0,,,,,
27.07.2021 14:20,,,,,,751.1,43.9,0.4,347,28.5,0,,,,,
27.07.2021 14:40,,,,,,751,44.8,0.2,0,28.2,0,,,,,
27.07.2021 15:00,,,,,,750.8,43.5,0.3,0,29.4,0,,,,,
27.07.2021 15:20,,,,,,750.6,42.3,0.2,0,30.2,0,,,,,
27.07.2021 15:40,,,,,,750.4,40.7,0.3,14,30.7,0,,,,,
27.07.2021 16:00,,,,,,750.3,40.7,0.4,50,30.3,0,,,,,
27.07.2021 16:20,,,,,,750.2,40.1,0.2,0,30.2,0,,,,,
27.07.2021 16:40,,,,,,750,39,0.3,0,30.6,0,,,,,
27.07.2021 17:00,,,,,,749.9,38.6,0.3,164,30.7,0,,,,,
27.07.2021 17:20,,,,,,749.9,39.2,0.3,0,30.3,0,,,,,
27.07.2021 17:40,,,,,,749.8,40.2,0.3,0,29.7,0,,,,,
27.07.2021 18:00,,,,,,749.7,41.3,0.2,188,29.3,0,,,,,
27.07.2021 18:20,,,,,,749.7,42.5,0.2,195,28.9,0,,,,,
27.07.2021 18:40,,,,,,749.7,43.4,0.1,203,28.6,0,,,,,
27.07.2021 19:00,,,,,,749.6,45,0.1,0,28,0,,,,,
27.07.2021 19:20,,,,,,749.6,45.4,0.1,0,27.6,0,,,,,
27.07.2021 19:40,,,,,,749.6,46.2,0.1,0,27.3,0,,,,,
27.07.2021 20:00,,,,,,749.6,48,0,0,26.9,0,,,,,
27.07.2021 20:20,,,,,,749.7,49.1,0,260,26.6,0,,,,,
27.07.2021 20:40,,,,,,749.8,50.4,0.1,0,26.3,0,,,,,
27.07.2021 21:00,,,,,,749.8,52.5,0,0,25.9,0,,,,,
27.07.2021 21:20,,,,,,749.7,54.3,0,0,25.4,0,,,,,
27.07.2021 21:40,,,,,,749.7,56.1,0,0,25,0,,,,,
27.07.2021 22:00,,,,,,749.7,57,0.1,260,24.6,0,,,,,
27.07.2021 22:20,,,,,,749.6,57.2,0.2,0,24.6,0,,,,,
27.07.2021 22:40,,,,,,749.6,57,0.1,0,24.5,0,,,,,
27.07.2021 23:00,,,,,,749.6,58.3,0.1,0,24.1,0,,,,,
27.07.2021 23:20,,,,,,749.7,58.2,0,0,23.8,0,,,,,
27.07.2021 23:40,,,,,,749.7,59.3,0,0,23.5,0,,,,,
21.09.2021 00:00,,,,,,748,96,1,79,6.5,0,,,,,
21.09.2021 00:20,,,,,,747.9,96.2,1.1,27,6.4,0,,,,,
21.09.2021 00:40,,,,,,747.8,96.6,0.8,74,6.4,0,,,,,
21.09.2021 01:00,,,,,,747.8,96.6,1,58,6.4,0.4,,,,,
21.09.2021 01:20,,,,,,747.8,96,0.9,40,6.4,0,,,,,
21.09.2021 01:40,,,,,,747.7,96.6,0.9,77,6.4,0,,,,,
21.09.2021 02:00,,,,,,747.6,96.1,1.1,75,6.4,0.2,,,,,
21.09.2021 02:20,,,,,,747.4,96.7,1.4,52,6.4,0.2,,,,,
21.09.2021 02:40,,,,,,747.3,96.2,1.3,68,6.4,0.4,,,,,
21.09.2021 03:00,,,,,,747.2,96,1.4,91,6.4,0.2,,,,,
21.09.2021 03:20,,,,,,747,96,1.2,89,6.5,0.2,,,,,
21.09.2021 03:40,,,,,,746.9,96,1.1,70,6.5,0.2,,,,,
21.09.2021 04:00,,,,,,746.8,96,1.2,88,6.5,0.4,,,,,
21.09.2021 04:20,,,,,,746.7,96,1.3,81,6.6,0,,,,,
21.09.2021 04:40,,,,,,746.7,96.1,1.2,75,6.6,0.2,,,,,
21.09.2021 05:00,,,,,,746.6,96,1.4,77,6.6,0.4,,,,,
21.09.2021 05:20,,,,,,746.5,96,1.3,92,6.6,0.2,,,,,
21.09.2021 05:40,,,,,,746.4,96,1.5,52,6.6,0,,,,,
21.09.2021 06:00,,,,,,746.4,96,1.4,82,6.7,0,,,,,
21.09.2021 06:20,,,,,,746.3,96,1.6,27,6.7,0.2,,,,,
21.09.2021 06:40,,,,,,746.2,96,1.3,81,6.8,0,,,,,
21.09.2021 07:00,,,,,,746.2,96,1.5,64,6.9,0.2,,,,,
21.09.2021 07:20,,,,,,746.1,96.2,1.2,76,6.9,0.2,,,,,
21.09.2021 07:40,,,,,,746.1,97,0.7,0,6.9,0.2,,,,,
21.09.2021 08:00,,,,,,746.1,97,0.5,53,7,0,,,,,
21.09.2021 08:20,,,,,,746.1,97,0.4,0,7,0.2,,,,,
21.09.2021 08:40,,,,,,746.1,97,0.6,74,7.1,0,,,,,
21.09.2021 09:00,,,,,,746.1,97.2,0.3,92,7.1,0,,,,,
21.09.2021 09:20,,,,,,746.1,97.7,0.8,0,7.2,0.2,,,,,
21.09.2021 09:40,,,,,,746.1,97.6,0.6,47,7.2,0,,,,,
21.09.2021 10:00,,,,,,746.1,97.1,0.7,45,7.3,0,,,,,
21.09.2021 10:20,,,,,,746.2,97.9,0.7,0,7.3,0.2,,,,,
21.09.2021 10:40,,,,,,746.2,98,0.2,0,7.3,0.2,,,,,
21.09.2021 11:00,,,,,,746.1,98,0.5,28,7.3,0.2,,,,,
21.09.2021 11:20,,,,,,746.1,98,0.4,0,7.3,0,,,,,
21.09.2021 11:40,,,,,,746,98,0.5,0,7.3,0.2,,,,,
21.09.2021 12:00,,,,,,746.1,98,0.7,97,7.4,0,,,,,
21.09.2021 12:20,,,,,,746.1,98,0.4,0,7.3,0,,,,,
21.09.2021 12:40,,,,,,746.1,98,0.4,0,7.4,0,,,,,
21.09.2021 13:00,,,,,,746.2,98,0.3,0,7.4,0,,,,,
21.09.2021 13:20,,,,,,746.3,98,0.2,0,7.4,0,,,,,
21.09.2021 13:40,,,,,,746.3,98,0.2,83,7.5,0,,,,,
21.09.2021 14:00,,,,,,746.3,98,0.5,83,7.5,0,,,,,
21.09.2021 14:20,,,,,,746.4,97.4,0.3,0,7.5,0,,,,,
21.09.2021 14:40,,,,,,746.4,97.9,0.2,0,7.6,0,,,,,
21.09.2021 15:00,,,,,,746.3,97.1,0.3,0,7.6,0,,,,,
21.09.2021 15:20,,,,,,746.3,97,0.6,97,7.4,0,,,,,
21.09.2021 15:40,,,,,,746.3,97,0.7,71,7.3,0,,,,,
21.09.2021 16:00,,,,,,746.3,97,0.6,99,7.3,0,,,,,
21.09.2021 16:20,,,,,,746.3,96.2,0.6,0,7.4,0,,,,,
21.09.2021 16:40,,,,,,746.2,96,0.6,82,7.4,0,,,,,
21.09.2021 17:00,,,,,,746.2,95,0.6,70,7.4,0,,,,,
21.09.2021 17:20,,,,,,746.1,95,0.9,0,7.4,0,,,,,
21.09.2021 17:40,,,,,,746.2,95,0.8,0,7.3,0,,,,,
21.09.2021 18:00,,,,,,746.2,95,0.6,0,7.3,0,,,,,
21.09.2021 18:20,,,,,,746.1,95,0.6,0,7.2,0,,,,,
21.09.2021 18:40,,,,,,746.1,95.2,0.6,56,7.1,0,,,,,
21.09.2021 19:00,,,,,,746.1,96,0.5,79,7.1,0.2,,,,,
21.09.2021 19:20,,,,,,746.1,96,0.6,68,7,0.2,,,,,
21.09.2021 19:40,,,,,,746.1,96,0.5,0,6.9,0.2,,,,,
21.09.2021 20:00,,,,,,746.1,96.1,0.6,0,6.9,0,,,,,
21.09.2021 20:20,,,,,,746,96,0.4,0,6.9,0.2,,,,,
21.09.2021 20:40,,,,,,746,96,0.3,0,6.9,0,,,,,
21.09.2021 21:00,,,,,,745.9,96,0.4,105,6.9,0,,,,,
21.09.2021 21:20,,,,,,745.8,96,0.6,89,6.9,0,,,,,
21.09.2021 21:40,,,,,,745.7,96,0.3,0,6.9,0,,,,,
21.09.2021 22:00,,,,,,745.7,96,0.4,0,6.9,0,,,,,
21.09.2021 22:20,,,,,,745.6,96,0.3,0,6.9,0,,,,,
21.09.2021 22:40,,,,,,745.5,96,0.2,0,6.9,0.2,,,,,
21.09.2021 23:00,,,,,,745.5,96.8,0,0,6.9,0,,,,,
21.09.2021 23:20,,,,,,745.4,96.9,0.1,0,6.8,0,,,,,
21.09.2021 23:40,,,,,,745.3,97,0,0,6.8,0,,,,,
19.09.2021 00:00,0.2,0.043,0.003,0.021,,,,,,,,,,,,
19.09.2021 00:20,0.2,0.041,0.002,0.016,,,,,,,,,,,,
19.09.2021 00:40,0.2,0.038,0.002,0.019,,,,,,,,,,,,
19.09.2021 01:00,0.1,0.036,0.002,0.017,,,,,,,,,,,,
19.09.2021 01:20,0.1,0.035,0.002,0.015,,,,,,,,,,,,
19.09.2021 01:40,0.2,0.035,0.001,0.017,,,,,,,,,,,,
19.09.2021 02:00,0.2,0.034,0.002,0.015,,,,,,,,,,,,
19.09.2021 02:20,0.3,0.033,0.001,0.014,,,,,,,,,,,,
19.09.2021 02:40,0.2,0.033,0.002,0.015,,,,,,,,,,,,
19.09.2021 03:00,0.2,0.031,0.001,0.013,,,,,,,,,,,,
19.09.2021 03:20,0.2,0.026,0.001,0.017,,,,,,,,,,,,
19.09.2021 03:40,0.2,0.023,0.001,0.018,,,,,,,,,,,,
19.09.2021 04:00,0.2,0.021,0.001,0.02,,,,,,,,,,,,
19.09.2021 04:20,0.2,0.02,0.001,0.019,,,,,,,,,,,,
19.09.2021 04:40,0.2,0.019,0.001,0.023,,,,,,,,,,,,
19.09.2021 05:00,0.1,0.018,0.001,0.017,,,,,,,,,,,,
19.09.2021 05:20,0.2,0.019,0.001,0.013,,,,,,,,,,,,
19.09.2021 05:40,0.2,0.017,0.001,0.014,,,,,,,,,,,,
19.09.2021 06:00,0.2,0.015,0,0.011,,,,,,,,,,,,
19.09.2021 06:20,0.2,0.014,0.001,0.011,,,,,,,,,,,,
19.09.2021 06:40,0.2,0.017,0.001,0.012,,,,,,,,,,,,
19.09.2021 07:00,0.2,0.019,0.001,0.009,,,,,,,,,,,,
19.09.2021 07:20,0.2,0.019,0.001,0.011,,,,,,,,,,,,
19.09.2021 07:40,0.2,0.02,0.001,0.013,,,,,,,,,,,,
19.09.2021 08:00,0.2,0.02,0.002,0.011,,,,,,,,,,,,
19.09.2021 08:20,0.2,0.022,0.003,0.013,,,,,,,,,,,,
19.09.2021 08:40,0.2,0.023,0.003,0.014,,,,,,,,,,,,
19.09.2021 09:00,0.2,0.022,0.003,0.014,,,,,,,,,,,,
19.09.2021 09:20,0.2,0.021,0.004,0.011,,,,,,,,,,,,
19.09.2021 09:40,0.2,0.022,0.004,0.015,,,,,,,,,,,,
19.09.2021 10:00,0.2,0.023,0.004,0.017,,,,,,,,,,,,
19.09.2021 10:20,1.9,0.024,0.006,0.081,,,,,,,,,,,,
19.09.2021 10:40,0.3,0.024,0.006,0.059,,,,,,,,,,,,
19.09.2021 11:00,0.3,0.025,0.006,0.044,,,,,,,,,,,,
19.09.2021 11:20,0.3,0.025,0.006,0.035,,,,,,,,,,,,
19.09.2021 11:40,0.3,0.025,0.005,0.033,,,,,,,,,,,,
19.09.2021 12:00,0.3,0.023,0.005,0.031,,,,,,,,,,,,
19.09.2021 12:20,0.3,0.022,0.005,0.029,,,,,,,,,,,,
19.09.2021 12:40,0.3,0.021,0.005,0.025,,,,,,,,,,,,
19.09.2021 13:00,0.3,0.02,0.004,0.023,,,,,,,,,,,,
19.09.2021 13:20,0.3,0.019,0.003,0.022,,,,,,,,,,,,
19.09.2021 13:40,0.2,0.018,0.002,0.02,,,,,,,,,,,,
19.09.2021 14:00,0.1,0.018,0.002,0.02,,,,,,,,,,,,
19.09.2021 14:20,0.1,0.019,0.003,0.019,,,,,,,,,,,,
19.09.2021 14:40,0.1,0.02,0.003,0.021,,,,,,,,,,,,
19.09.2021 15:00,0.1,0.021,0.003,0.024,,,,,,,,,,,,
19.09.2021 15:20,0.1,0.02,0.003,0.032,,,,,,,,,,,,
19.09.2021 15:40,0.1,0.02,0.002,0.031,,,,,,,,,,,,
19.09.2021 16:00,0.1,0.023,0.003,0.026,,,,,,,,,,,,
19.09.2021 16:20,0.1,0.024,0.003,0.026,,,,,,,,,,,,
19.09.2021 16:40,0.1,0.023,0.002,0.026,,,,,,,,,,,,
19.09.2021 17:00,0.2,0.022,0.002,0.025,,,,,,,,,,,,
19.09.2021 17:20,0.1,0.024,0.002,0.028,,,,,,,,,,,,
19.09.2021 17:40,0.1,0.023,0.002,0.032,,,,,,,,,,,,
19.09.2021 18:00,0.1,0.023,0.002,0.03,,,,,,,,,,,,
19.09.2021 18:20,0.1,0.023,0.001,0.027,,,,,,,,,,,,
19.09.2021 18:40,0.1,0.022,0.001,0.026,,,,,,,,,,,,
19.09.2021 19:00,0.1,0.021,0.001,0.025,,,,,,,,,,,,
19.09.2021 19:20,0.1,0.019,0.001,0.025,,,,,,,,,,,,
19.09.2021 19:40,0.1,0.018,0.001,0.026,,,,,,,,,,,,
19.09.2021 20:00,0.1,0.019,0.001,0.022,,,,,,,,,,,,
19.09.2021 20:20,0.1,0.02,0.001,0.017,,,,,,,,,,,,
19.09.2021 20:40,0.1,0.021,0.001,0.017,,,,,,,,,,,,
19.09.2021 21:00,0.1,0.022,0.002,0.016,,,,,,,,,,,,
19.09.2021 21:20,0.1,0.022,0.001,0.016,,,,,,,,,,,,
19.09.2021 21:40,0.1,0.022,0.001,0.014,,,,,,,,,,,,
19.09.2021 22:00,0.1,0.021,0.001,0.014,,,,,,,,,,,,
19.09.2021 22:20,0.1,0.02,0.001,0.015,,,,,,,,,,,,
19.09.2021 22:40,0.1,0.019,0.001,0.011,,,,,,,,,,,,
19.09.2021 23:00,0.1,0.019,0.001,0.012,,,,,,,,,,,,
19.09.2021 23:20,0.1,0.018,0.001,0.012,,,,,,,,,,,,
19.09.2021 23:40,0.1,0.016,0.001,0.01,,,,,,,,,,,,
20.09.2021 00:00,0.1,0.015,0.001,0.011,,,,,,,,,,,,
20.09.2021 00:20,0,0.015,0.001,0.01,,,,,,,,,,,,
20.09.2021 00:40,0,0.015,0.001,0.011,,,,,,,,,,,,
20.09.2021 01:00,0,0.016,0,0.011,,,,,,,,,,,,
20.09.2021 01:20,0,0.016,0.001,0.01,,,,,,,,,,,,
20.09.2021 01:40,0.1,0.015,0,0.011,,,,,,,,,,,,
20.09.2021 02:00,0.1,0.014,0,0.01,,,,,,,,,,,,
20.09.2021 02:20,0.2,0.013,0,0.011,,,,,,,,,,,,
20.09.2021 02:40,0.1,0.012,0,0.011,,,,,,,,,,,,
20.09.2021 03:00,0.1,0.012,0.001,0.008,,,,,,,,,,,,
20.09.2021 03:20,0.1,0.012,0.001,0.008,,,,,,,,,,,,
20.09.2021 03:40,0.1,0.012,0,0.007,,,,,,,,,,,,
20.09.2021 04:00,0.1,0.012,0,0.01,,,,,,,,,,,,
20.09.2021 04:20,0.1,0.012,0,0.01,,,,,,,,,,,,
20.09.2021 04:40,0.1,0.012,0,0.007,,,,,,,,,,,,
20.09.2021 05:00,0.1,0.012,0,0.009,,,,,,,,,,,,
20.09.2021 05:20,0.1,0.013,0,0.007,,,,,,,,,,,,
20.09.2021 05:40,0.1,0.013,0.001,0.007,,,,,,,,,,,,
20.09.2021 06:00,0.1,0.014,0.001,0.008,,,,,,,,,,,,
20.09.2021 06:20,0.1,0.015,0,0.006,,,,,,,,,,,,
20.09.2021 06:40,0.1,0.016,0,0.006,,,,,,,,,,,,
20.09.2021 07:00,0.1,0.018,0.001,0.006,,,,,,,,,,,,
20.09.2021 07:20,0.1,0.019,0.001,0.004,,,,,,,,,,,,
20.09.2021 07:40,0.1,0.02,0.001,0.006,,,,,,,,,,,,
20.09.2021 08:00,0.1,0.023,0.001,0.006,,,,,,,,,,,,
20.09.2021 08:20,0.2,0.023,0.002,0.005,,,,,,,,,,,,
20.09.2021 08:40,0.1,0.023,0.002,0.007,,,,,,,,,,,,
20.09.2021 09:00,0.2,0.023,0.003,0.007,,,,,,,,,,,,
20.09.2021 09:20,0.2,0.023,0.003,0.006,,,,,,,,,,,,
20.09.2021 09:40,0.2,0.025,0.004,0.006,,,,,,,,,,,,
20.09.2021 10:00,0.2,0.025,0.004,0.008,,,,,,,,,,,,
20.09.2021 10:20,0.2,0.023,0.003,0.009,,,,,,,,,,,,
20.09.2021 10:40,0.2,0.024,0.003,0.007,,,,,,,,,,,,
20.09.2021 11:00,0.2,0.024,0.003,0.008,,,,,,,,,,,,
20.09.2021 11:20,0.2,0.024,0.004,0.009,,,,,,,,,,,,
20.09.2021 11:40,0.2,0.026,0.004,0.007,,,,,,,,,,,,
20.09.2021 12:00,0.2,0.026,0.005,0.009,,,,,,,,,,,,
20.09.2021 12:20,0.2,0.025,0.004,0.009,,,,,,,,,,,,
20.09.2021 12:40,0.2,0.026,0.004,0.008,,,,,,,,,,,,
20.09.2021 13:00,0.2,0.025,0.004,0.009,,,,,,,,,,,,
20.09.2021 13:20,0.2,0.024,0.004,0.007,,,,,,,,,,,,
20.09.2021 13:40,0.2,0.024,0.004,0.008,,,,,,,,,,,,
20.09.2021 14:00,0.3,0.024,0.004,0.008,,,,,,,,,,,,
20.09.2021 14:20,0.3,0.025,0.004,0.006,,,,,,,,,,,,
20.09.2021 14:40,0.3,0.026,0.004,0.008,,,,,,,,,,,,
20.09.2021 15:00,0.3,0.027,0.004,0.008,,,,,,,,,,,,
20.09.2021 15:20,0.3,0.029,0.004,0.007,,,,,,,,,,,,
20.09.2021 15:40,0.3,0.029,0.004,0.009,,,,,,,,,,,,
20.09.2021 16:00,0.3,0.033,0.005,0.009,,,,,,,,,,,,
20.09.2021 16:20,0.3,0.036,0.005,0.009,,,,,,,,,,,,
20.09.2021 16:40,0.3,0.038,0.005,0.009,,,,,,,,,,,,
20.09.2021 17:00,0.3,0.035,0.004,0.009,,,,,,,,,,,,
20.09.2021 17:20,0.3,0.031,0.003,0.008,,,,,,,,,,,,
20.09.2021 17:40,0.3,0.028,0.003,0.007,,,,,,,,,,,,
20.09.2021 18:00,0.3,0.025,0.002,0.008,,,,,,,,,,,,
20.09.2021 18:20,0.3,0.026,0.002,0.007,,,,,,,,,,,,
20.09.2021 18:40,0.3,0.028,0.002,0.008,,,,,,,,,,,,
20.09.2021 19:00,0.3,0.028,0.002,0.007,,,,,,,,,,,,
20.09.2021 19:20,0.3,0.027,0.002,0.006,,,,,,,,,,,,
20.09.2021 19:40,0.3,0.026,0.002,0.007,,,,,,,,,,,,
20.09.2021 20:00,0.3,0.025,0.001,0.006,,,,,,,,,,,,
20.09.2021 20:20,0.3,0.026,0.003,0.006,,,,,,,,,,,,
20.09.2021 20:40,0.3,0.026,0.003,0.006,,,,,,,,,,,,
20.09.2021 21:00,0.3,0.024,0.002,0.005,,,,,,,,,,,,
20.09.2021 21:20,0.3,0.023,0.001,0.006,,,,,,,,,,,,
20.09.2021 21:40,0.3,0.023,0.001,0.006,,,,,,,,,,,,
20.09.2021 22:00,0.3,0.024,0.001,0.006,,,,,,,,,,,,
20.09.2021 22:20,0.2,0.024,0.001,0.005,,,,,,,,,,,,
20.09.2021 22:40,0.2,0.024,0.001,0.004,,,,,,,,,,,,
20.09.2021 23:00,0.2,0.025,0.001,0.006,,,,,,,,,,,,
20.09.2021 23:20,0.2,0.025,0.001,0.006,,,,,,,,,,,,
20.09.2021 23:40,0.2,0.024,0.001,0.004,,,,,,,,,,,,
13.07.2021 00:00,,,,,,750.9,60.2,0,0,26.1,0,,,,,
13.07.2021 00:20,,,,,,750.9,61.6,0,0,25.8,0,,,,,
13.07.2021 00:40,,,,,,750.8,62,0,0,25.6,0,,,,,
13.07.2021 01:00,,,,,,750.8,63.3,0,0,25.3,0,,,,,
13.07.2021 01:20,,,,,,750.8,64.6,0,0,25,0,,,,,
13.07.2021 01:40,,,,,,750.8,65.7,0,0,24.8,0,,,,,
13.07.2021 02:00,,,,,,750.9,66.6,0,0,24.7,0,,,,,
13.07.2021 02:20,,,,,,750.9,67,0,0,24.5,0,,,,,
13.07.2021 02:40,,,,,,751,67.3,0,0,24.3,0,,,,,
13.07.2021 03:00,,,,,,751.1,67.8,0,0,24,0,,,,,
13.07.2021 03:20,,,,,,751.1,67.8,0,0,23.8,0,,,,,
13.07.2021 03:40,,,,,,751,68,0,0,23.7,0,,,,,
13.07.2021 04:00,,,,,,751.1,68.7,0,0,23.5,0,,,,,
13.07.2021 04:20,,,,,,751.1,69,0,0,23.4,0,,,,,
13.07.2021 04:40,,,,,,751.1,69.5,0,0,23.3,0,,,,,
13.07.2021 05:00,,,,,,751.1,70,0,0,23.2,0,,,,,
13.07.2021 05:20,,,,,,751.1,69.9,0,0,23,0,,,,,
13.07.2021 05:40,,,,,,751.1,69.2,0,0,23.3,0,,,,,
13.07.2021 06:00,,,,,,751.1,69.3,0,0,23.5,0,,,,,
13.07.2021 06:20,,,,,,751.1,66.9,0,276,24,0,,,,,
13.07.2021 06:40,,,,,,751.1,63.2,0.2,0,24.9,0,,,,,
13.07.2021 07:00,,,,,,751.1,60.9,0.1,0,25.6,0,,,,,
13.07.2021 07:20,,,,,,751.1,59.7,0.1,276,26,0,,,,,
13.07.2021 07:40,,,,,,751.1,59.1,0.2,0,26.2,0,,,,,
13.07.2021 08:00,,,,,,751.1,59.1,0,276,26.4,0,,,,,
13.07.2021 08:20,,,,,,751,58.8,0,0,26.9,0,,,,,
13.07.2021 08:40,,,,,,750.9,58,0.1,276,27.4,0,,,,,
13.07.2021 09:00,,,,,,751,56.5,0.1,0,28,0,,,,,
13.07.2021 09:20,,,,,,750.9,54.2,0.1,0,28.9,0,,,,,
13.07.2021 09:40,,,,,,750.9,51.4,0.2,0,29.5,0,,,,,
13.07.2021 10:00,,,,,,750.9,50.5,0.4,0,29.7,0,,,,,
13.07.2021 10:20,,,,,,750.9,49.7,0.3,0,29.6,0,,,,,
13.07.2021 10:40,,,,,,750.8,50.7,0.2,0,29.6,0,,,,,
13.07.2021 11:00,,,,,,750.8,48.6,0.4,0,29.8,0,,,,,
13.07.2021 11:20,,,,,,750.7,48.5,0.4,250,30.2,0,,,,,
13.07.2021 11:40,,,,,,750.5,48.6,0.4,200,30.6,0,,,,,
13.07.2021 12:00,,,,,,750.5,47.5,0.3,0,31.2,0,,,,,
13.07.2021 12:20,,,,,,750.4,47.8,0.3,292,31.4,0,,,,,
13.07.2021 12:40,,,,,,750.3,47.4,0.6,209,32,0,,,,,
13.07.2021 13:00,,,,,,750.3,46.8,0.4,0,32.1,0,,,,,
13.07.2021 13:20,,,,,,750.2,46.1,0.3,0,32.5,0,,,,,
13.07.2021 13:40,,,,,,750.1,45.4,0.3,0,32.6,0,,,,,
13.07.2021 14:00,,,,,,750,44.8,0.3,0,33.1,0,,,,,
13.07.2021 14:20,,,,,,750,45.1,0.3,0,33.4,0,,,,,
13.07.2021 14:40,,,,,,749.9,43.4,0.4,0,34.1,0,,,,,
13.07.2021 15:00,,,,,,749.8,43,0.3,0,34.2,0,,,,,
13.07.2021 15:20,,,,,,749.7,42.6,0.3,229,34.3,0,,,,,
13.07.2021 15:40,,,,,,749.6,40.5,0.5,0,35.1,0,,,,,
13.07.2021 16:00,,,,,,749.5,40.7,0.4,0,35,0,,,,,
13.07.2021 16:20,,,,,,749.3,41,0.2,207,34.9,0,,,,,
13.07.2021 16:40,,,,,,749.2,39.7,0.3,196,35.5,0,,,,,
13.07.2021 17:00,,,,,,749.2,40,0.4,176,34.9,0,,,,,
13.07.2021 17:20,,,,,,749,41.9,0.2,253,34.2,0,,,,,
13.07.2021 17:40,,,,,,748.9,42.3,0.3,185,33.8,0,,,,,
13.07.2021 18:00,,,,,,748.9,44.2,0.3,192,33.4,0,,,,,
13.07.2021 18:20,,,,,,748.8,45.2,0.2,0,33,0,,,,,
13.07.2021 18:40,,,,,,748.8,45.6,0.2,0,32.8,0,,,,,
13.07.2021 19:00,,,,,,748.8,46.4,0.1,0,32.5,0,,,,,
13.07.2021 19:20,,,,,,748.8,47,0.2,0,32.2,0,,,,,
13.07.2021 19:40,,,,,,748.8,49.8,0.4,0,32.1,0,,,,,
13.07.2021 20:00,,,,,,748.9,51.7,0.2,0,31.7,0,,,,,
13.07.2021 20:20,,,,,,748.9,52.6,0.2,190,31.4,0,,,,,
13.07.2021 20:40,,,,,,749,53.5,0.3,0,31,0,,,,,
13.07.2021 21:00,,,,,,749.1,55.1,0.1,0,30.6,0,,,,,
13.07.2021 21:20,,,,,,749.1,55.9,0.2,0,30.2,0,,,,,
13.07.2021 21:40,,,,,,749.1,56.1,0.1,0,30,0,,,,,
13.07.2021 22:00,,,,,,749.2,57.1,0,0,29.8,0,,,,,
13.07.2021 22:20,,,,,,749.2,58.8,0,0,29.4,0,,,,,
13.07.2021 22:40,,,,,,749.1,61.1,0,0,28.8,0,,,,,
13.07.2021 23:00,,,,,,749.2,63.5,0,0,28.1,0,,,,,
13.07.2021 23:20,,,,,,749.2,65.3,0,0,27.5,0,,,,,
13.07.2021 23:40,,,,,,749.2,67,0,0,27.1,0,,,,,
14.07.2021 00:00,,,,,,749.2,67.8,0,0,26.8,0,,,,,
14.07.2021 00:20,,,,,,749.2,68.1,0,0,26.6,0,,,,,
14.07.2021 00:40,,,,,,749.3,68,0,0,26.5,0,,,,,
14.07.2021 01:00,,,,,,749.4,68.1,0,0,26.3,0,,,,,
14.07.2021 01:20,,,,,,749.3,68.9,0,0,26.1,0,,,,,
14.07.2021 01:40,,,,,,749.3,69.8,0,0,25.9,0,,,,,
14.07.2021 02:00,,,,,,749.3,70.9,0,0,25.6,0,,,,,
14.07.2021 02:20,,,,,,749.3,70.9,0,0,25.5,0,,,,,
14.07.2021 02:40,,,,,,749.3,70.1,0,0,25.5,0,,,,,
14.07.2021 03:00,,,,,,749.4,70,0,0,25.6,0,,,,,
14.07.2021 03:20,,,,,,749.5,70.9,0,0,25.3,0,,,,,
14.07.2021 03:40,,,,,,749.5,71.9,0,0,25,0,,,,,
14.07.2021 04:00,,,,,,749.6,72.6,0,0,24.7,0,,,,,
14.07.2021 04:20,,,,,,749.6,73,0,0,24.6,0,,,,,
14.07.2021 04:40,,,,,,749.6,73,0,0,24.5,0,,,,,
14.07.2021 05:00,,,,,,749.6,73,0,0,24.4,0,,,,,
14.07.2021 05:20,,,,,,749.6,73.7,0,0,24.4,0,,,,,
14.07.2021 05:40,,,,,,749.6,73.9,0,0,24.2,0,,,,,
14.07.2021 06:00,,,,,,749.6,74,0,0,24.2,0,,,,,
14.07.2021 06:20,,,,,,749.6,74,0,0,24.3,0,,,,,
14.07.2021 06:40,,,,,,749.6,73.3,0,0,24.6,0,,,,,
14.07.2021 07:00,,,,,,749.6,72.4,0,0,25.1,0,,,,,
14.07.2021 07:20,,,,,,749.5,70.2,0,0,25.9,0,,,,,
14.07.2021 07:40,,,,,,749.5,68.9,0,0,26.3,0,,,,,
14.07.2021 08:00,,,,,,749.5,67.8,0,0,26.9,0,,,,,
14.07.2021 08:20,,,,,,749.5,65.9,0,0,27.5,0,,,,,
14.07.2021 08:40,,,,,,749.4,63.2,0.1,0,28.2,0,,,,,
14.07.2021 09:00,,,,,,749.4,60.2,0.3,0,28.9,0,,,,,
14.07.2021 09:20,,,,,,749.4,56,0.1,0,29.6,0,,,,,
14.07.2021 09:40,,,,,,749.3,54.2,0.1,339,30.3,0,,,,,
14.07.2021 10:00,,,,,,749.2,54.7,0.2,343,30.7,0,,,,,
14.07.2021 10:20,,,,,,749.2,54.4,0.1,0,30.6,0,,,,,
14.07.2021 10:40,,,,,,749.2,54.4,0.1,0,30.6,0,,,,,
14.07.2021 11:00,,,,,,749.1,53,0.3,0,30.8,0,,,,,
14.07.2021 11:20,,,,,,749.1,53,0.1,0,31.1,0,,,,,
14.07.2021 11:40,,,,,,749,54.5,0.2,0,31,0,,,,,
14.07.2021 12:00,,,,,,748.9,53.3,0.2,0,31.3,0,,,,,
14.07.2021 12:20,,,,,,748.7,50.6,0.2,61,31.8,0,,,,,
14.07.2021 12:40,,,,,,748.7,47.8,0.5,178,32.7,0,,,,,
14.07.2021 13:00,,,,,,748.6,44.9,0.5,0,33.6,0,,,,,
14.07.2021 13:20,,,,,,748.5,43.8,0.3,187,33.4,0,,,,,
14.07.2021 13:40,,,,,,748.3,44.5,0.3,193,33.3,0,,,,,
14.07.2021 14:00,,,,,,748.1,45.4,0.4,208,33.5,0,,,,,
14.07.2021 14:20,,,,,,747.9,44.2,0.5,229,33.9,0,,,,,
14.07.2021 14:40,,,,,,747.8,44.4,0.4,201,33.9,0,,,,,
14.07.2021 15:00,,,,,,747.6,43.5,0.4,0,33.9,0,,,,,
14.07.2021 15:20,,,,,,747.5,43.9,0.4,241,34,0,,,,,
14.07.2021 15:40,,,,,,747.4,42.4,0.3,190,34.7,0,,,,,
14.07.2021 16:00,,,,,,747.5,43,0.6,174,35,0,,,,,
14.07.2021 16:20,,,,,,747.6,44.1,0.5,189,34.1,0,,,,,
14.07.2021 16:40,,,,,,747.5,45.5,0.6,0,33.5,0,,,,,
14.07.2021 17:00,,,,,,747.5,49.3,0.4,0,33.2,0,,,,,
14.07.2021 17:20,,,,,,747.4,47.6,0.3,158,32.9,0,,,,,
14.07.2021 17:40,,,,,,747.4,46.2,0.5,204,32.9,0,,,,,
14.07.2021 18:00,,,,,,747.3,45.6,0.5,195,32.9,0,,,,,
14.07.2021 18:20,,,,,,747.2,45.7,0.4,0,32.6,0,,,,,
14.07.2021 18:40,,,,,,747.2,46.5,0.3,0,32.3,0,,,,,
14.07.2021 19:00,,,,,,747.2,47.7,0.3,220,31.9,0,,,,,
14.07.2021 19:20,,,,,,747.5,51.5,0.7,97,31.3,0,,,,,
14.07.2021 19:40,,,,,,747.6,62.3,0.7,41,29.1,0,,,,,
14.07.2021 20:00,,,,,,747.7,65.9,0.6,0,28,0,,,,,
14.07.2021 20:20,,,,,,747.8,67.7,0.4,76,27.4,0,,,,,
14.07.2021 20:40,,,,,,747.9,68.5,0.4,76,26.7,0,,,,,
14.07.2021 21:00,,,,,,748,70.8,0.1,0,25.9,0,,,,,
14.07.2021 21:20,,,,,,747.9,72.6,0,0,25.3,0,,,,,
14.07.2021 21:40,,,,,,747.8,74,0,0,24.9,0,,,,,
14.07.2021 22:00,,,,,,747.6,74.6,0.1,62,24.6,0,,,,,
14.07.2021 22:20,,,,,,747.6,75.5,0,0,24.5,0,,,,,
14.07.2021 22:40,,,,,,747.6,76,0,0,24.3,0,,,,,
14.07.2021 23:00,,,,,,747.4,77.5,0,0,24,0,,,,,
14.07.2021 23:20,,,,,,747.4,78.3,0,0,23.9,0,,,,,
14.07.2021 23:40,,,,,,747.3,79.4,0,0,23.8,0,,,,,
25.07.2021 00:00,0.2,0.045,0.001,0.02,0.008,,,,,,,,,,,
25.07.2021 00:20,0.4,0.066,0.004,0.02,0.009,,,,,,,,,,,
25.07.2021 00:40,0.4,0.07,0.008,0.022,0.011,,,,,,,,,,,
25.07.2021 01:00,0.5,0.068,0.016,0.026,0.011,,,,,,,,,,,
25.07.2021 01:20,0.5,0.066,0.032,0.033,0.014,,,,,,,,,,,
25.07.2021 01:40,0.5,0.076,0.029,0.036,0.014,,,,,,,,,,,
25.07.2021 02:00,0.5,0.069,0.038,0.035,0.014,,,,,,,,,,,
25.07.2021 02:20,0.6,0.073,0.045,0.036,0.014,,,,,,,,,,,
25.07.2021 02:40,0.5,0.074,0.038,0.035,0.013,,,,,,,,,,,
25.07.2021 03:00,0.5,0.074,0.028,0.03,0.012,,,,,,,,,,,
25.07.2021 03:20,0.4,0.071,0.018,0.028,0.012,,,,,,,,,,,
25.07.2021 03:40,0.4,0.069,0.013,0.025,0.011,,,,,,,,,,,
25.07.2021 04:00,0.3,0.067,0.018,0.023,0.011,,,,,,,,,,,
25.07.2021 04:20,0.4,0.072,0.064,0.033,0.014,,,,,,,,,,,
25.07.2021 04:40,0.6,0.077,0.096,0.04,0.016,,,,,,,,,,,
25.07.2021 05:00,0.4,0.076,0.041,0.027,0.015,,,,,,,,,,,
25.07.2021 05:20,0.4,0.073,0.04,0.033,0.016,,,,,,,,,,,
25.07.2021 05:40,0.5,0.073,0.064,0.034,0.017,,,,,,,,,,,
25.07.2021 06:00,0.5,0.074,0.068,0.037,0.019,,,,,,,,,,,
25.07.2021 06:20,0.6,0.068,0.088,0.049,0.019,,,,,,,,,,,
25.07.2021 06:40,0.6,0.073,0.088,0.047,0.019,,,,,,,,,,,
25.07.2021 07:00,0.6,0.075,0.079,0.05,0.018,,,,,,,,,,,
25.07.2021 07:20,0.5,0.075,0.057,0.035,0.015,,,,,,,,,,,
25.07.2021 07:40,0.5,0.075,0.058,0.039,0.017,,,,,,,,,,,
25.07.2021 08:00,0.5,0.077,0.06,0.041,0.017,,,,,,,,,,,
25.07.2021 08:20,0.4,0.071,0.04,0.036,0.015,,,,,,,,,,,
25.07.2021 08:40,0.3,0.065,0.024,0.022,0.013,,,,,,,,,,,
25.07.2021 09:00,0.3,0.064,0.024,0.023,0.013,,,,,,,,,,,
25.07.2021 09:20,0.2,0.044,0.014,0.016,0.011,,,,,,,,,,,
25.07.2021 09:40,0.1,0.034,0.007,0.019,0.008,,,,,,,,,,,
25.07.2021 10:00,0.1,0.03,0.006,0.03,0.008,,,,,,,,,,,
25.07.2021 10:20,0.1,0.022,0.004,0.021,0.008,,,,,,,,,,,
25.07.2021 10:40,0.1,0.02,0.003,0.016,0.007,,,,,,,,,,,
25.07.2021 11:00,0.1,0.018,0.003,0.011,0.006,,,,,,,,,,,
25.07.2021 11:20,0,0.015,0.002,0.009,0.005,,,,,,,,,,,
25.07.2021 11:40,0,0.014,0.002,0.016,0.006,,,,,,,,,,,
25.07.2021 12:00,0,0.013,0.001,0.018,0.007,,,,,,,,,,,
25.07.2021 12:20,0,0.014,0.001,0.017,0.006,,,,,,,,,,,
25.07.2021 12:40,0,0.014,0.001,0.026,0.006,,,,,,,,,,,
25.07.2021 13:00,0,0.015,0.001,0.025,0.007,,,,,,,,,,,
25.07.2021 13:20,0,0.013,0.001,0.004,0.005,,,,,,,,,,,
25.07.2021 13:40,0,0.014,0.001,0.011,0.006,,,,,,,,,,,
25.07.2021 14:00,0.1,0.017,0.001,0.024,0.007,,,,,,,,,,,
25.07.2021 14:20,0.1,0.017,0.001,0.024,0.006,,,,,,,,,,,
25.07.2021 14:40,0.1,0.018,0.001,0.022,0.006,,,,,,,,,,,
25.07.2021 15:00,0.1,0.017,0.002,0.024,0.007,,,,,,,,,,,
25.07.2021 15:20,0.1,0.017,0.002,0.029,0.006,,,,,,,,,,,
25.07.2021 15:40,0.1,0.016,0.002,0.037,0.004,,,,,,,,,,,
25.07.2021 16:00,0.1,0.017,0.002,0.018,0.007,,,,,,,,,,,
25.07.2021 16:20,0.1,0.017,0.002,0.012,0.006,,,,,,,,,,,
25.07.2021 16:40,0.1,0.014,0.002,0.015,0.007,,,,,,,,,,,
25.07.2021 17:00,0.1,0.013,0.001,0.011,0.007,,,,,,,,,,,
25.07.2021 17:20,0.1,0.011,0.001,0.004,0.005,,,,,,,,,,,
25.07.2021 17:40,0.1,0.012,0.001,0.01,0.006,,,,,,,,,,,
25.07.2021 18:00,0.1,0.011,0.001,0.012,0.006,,,,,,,,,,,
25.07.2021 18:20,0.1,0.011,0.001,0.014,0.007,,,,,,,,,,,
25.07.2021 18:40,0.1,0.01,0.009,0.019,0.007,,,,,,,,,,,
25.07.2021 19:00,0.1,0.013,0.001,0.016,0.006,,,,,,,,,,,
25.07.2021 19:20,0.1,0.016,0.001,0.02,0.008,,,,,,,,,,,
25.07.2021 19:40,0.1,0.018,0.001,0.018,0.007,,,,,,,,,,,
25.07.2021 20:00,0.2,0.021,0.001,0.022,0.007,,,,,,,,,,,
25.07.2021 20:20,0.2,0.026,0,0.022,0.008,,,,,,,,,,,
25.07.2021 20:40,0.2,0.029,0,0.027,0.008,,,,,,,,,,,
25.07.2021 21:00,0.2,0.031,0,0.022,0.008,,,,,,,,,,,
25.07.2021 21:20,0.2,0.035,0,0.023,0.008,,,,,,,,,,,
25.07.2021 21:40,0.2,0.042,0,0.024,0.009,,,,,,,,,,,
25.07.2021 22:00,0.2,0.048,0,0.031,0.01,,,,,,,,,,,
25.07.2021 22:20,0.3,0.055,0,0.033,0.011,,,,,,,,,,,
25.07.2021 22:40,0.4,0.076,0.002,0.035,0.012,,,,,,,,,,,
25.07.2021 23:00,0.4,0.084,0.006,0.035,0.013,,,,,,,,,,,
25.07.2021 23:20,0.4,0.083,0.009,0.04,0.012,,,,,,,,,,,
25.07.2021 23:40,0.4,0.082,0.011,0.044,0.013,,,,,,,,,,,
26.07.2021 00:00,0.4,0.081,0.012,0.041,0.013,,,,,,,,,,,
26.07.2021 00:20,0.4,0.081,0.014,0.042,0.011,,,,,,,,,,,
26.07.2021 00:40,0.4,0.081,0.014,0.047,0.013,,,,,,,,,,,
26.07.2021 01:00,0.4,0.08,0.015,0.048,0.011,,,,,,,,,,,
26.07.2021 01:20,0.4,0.08,0.013,0.04,0.012,,,,,,,,,,,
26.07.2021 01:40,0.3,0.08,0.01,0.034,0.012,,,,,,,,,,,
26.07.2021 02:00,0.6,0.081,0.01,0.041,0.013,,,,,,,,,,,
26.07.2021 02:20,0.6,0.082,0.012,0.039,0.013,,,,,,,,,,,
26.07.2021 02:40,0.5,0.082,0.01,0.041,0.013,,,,,,,,,,,
26.07.2021 03:00,0.5,0.078,0.007,0.043,0.011,,,,,,,,,,,
26.07.2021 03:20,0.5,0.087,0.023,0.058,0.013,,,,,,,,,,,
26.07.2021 03:40,0.5,0.083,0.011,0.045,0.013,,,,,,,,,,,
26.07.2021 04:00,0.5,0.08,0.005,0.047,0.012,,,,,,,,,,,
26.07.2021 04:20,0.5,0.078,0.007,0.05,0.013,,,,,,,,,,,
26.07.2021 04:40,0.5,0.076,0.006,0.041,0.013,,,,,,,,,,,
26.07.2021 05:00,0.4,0.07,0.004,0.03,0.011,,,,,,,,,,,
26.07.2021 05:20,0.4,0.059,0.003,0.024,0.011,,,,,,,,,,,
26.07.2021 05:40,0.4,0.056,0.003,0.022,0.013,,,,,,,,,,,
26.07.2021 06:00,0.4,0.06,0.006,0.023,0.014,,,,,,,,,,,
26.07.2021 06:20,0.4,0.062,0.007,0.03,0.013,,,,,,,,,,,
26.07.2021 06:40,0.4,0.063,0.009,0.023,0.013,,,,,,,,,,,
26.07.2021 07:00,0.4,0.06,0.009,0.026,0.012,,,,,,,,,,,
26.07.2021 07:20,0.5,0.065,0.013,0.037,0.012,,,,,,,,,,,
26.07.2021 07:40,0.4,0.061,0.012,0.03,0.011,,,,,,,,,,,
26.07.2021 08:00,0.4,0.057,0.011,0.025,0.01,,,,,,,,,,,
26.07.2021 08:20,0.4,0.056,0.011,0.026,0.01,,,,,,,,,,,
26.07.2021 08:40,0.4,0.055,0.01,0.026,0.01,,,,,,,,,,,
26.07.2021 09:00,0.4,0.039,0.007,0.016,0.008,,,,,,,,,,,
26.07.2021 09:20,0.4,0.038,0.006,0.021,0.009,,,,,,,,,,,
26.07.2021 09:40,0.3,0.033,0.005,0.032,0.008,,,,,,,,,,,
26.07.2021 10:00,0.3,0.025,0.004,0.022,0.01,,,,,,,,,,,
26.07.2021 10:20,0.3,0.018,0.003,0.013,0.008,,,,,,,,,,,
26.07.2021 10:40,0.3,0.018,0.002,0.014,0.007,,,,,,,,,,,
26.07.2021 11:00,0.3,0.019,0.002,0.016,0.007,,,,,,,,,,,
26.07.2021 11:20,0.3,0.022,0.002,0.019,0.008,,,,,,,,,,,
26.07.2021 11:40,0.4,0.026,0.002,0.024,0.009,,,,,,,,,,,
26.07.2021 12:00,0.3,0.024,0.002,0.025,0.009,,,,,,,,,,,
26.07.2021 12:20,0.4,0.026,0.002,0.021,0.008,,,,,,,,,,,
26.07.2021 12:40,0.3,0.028,0.002,0.023,0.009,,,,,,,,,,,
26.07.2021 13:00,0.3,0.026,0.003,0.026,0.008,,,,,,,,,,,
26.07.2021 13:20,0.3,0.022,0.001,0.014,0.008,,,,,,,,,,,
26.07.2021 13:40,0.3,0.017,0.001,-0.002,0.006,,,,,,,,,,,
26.07.2021 14:00,0,0.014,0.002,0.007,0.007,,,,,,,,,,,
26.07.2021 14:20,0.1,0.028,0.026,0.018,0.008,,,,,,,,,,,
26.07.2021 14:40,0.1,0.022,0.005,0.034,0.008,,,,,,,,,,,
26.07.2021 15:00,0.1,0.013,0.001,0.017,0.007,,,,,,,,,,,
26.07.2021 15:20,0.1,0.016,0.001,0.029,0.008,,,,,,,,,,,
26.07.2021 15:40,0.1,0.02,0.002,0.022,0.009,,,,,,,,,,,
26.07.2021 16:00,0.1,0.019,0.001,0.022,0.008,,,,,,,,,,,
26.07.2021 16:20,0.1,0.018,0.001,0.029,0.009,,,,,,,,,,,
26.07.2021 16:40,0.1,0.023,0.004,0.026,0.009,,,,,,,,,,,
26.07.2021 17:00,0.1,0.017,0.001,0.025,0.009,,,,,,,,,,,
26.07.2021 17:20,0.1,0.019,0.001,0.024,0.009,,,,,,,,,,,
26.07.2021 17:40,0.1,0.018,0.001,0.02,0.008,,,,,,,,,,,
26.07.2021 18:00,0.1,0.018,0.001,0.026,0.009,,,,,,,,,,,
26.07.2021 18:20,0.2,0.021,0.001,0.025,0.01,,,,,,,,,,,
26.07.2021 18:40,0.1,0.024,0.001,0.026,0.01,,,,,,,,,,,
26.07.2021 19:00,0.1,0.021,0.001,0.024,0.009,,,,,,,,,,,
26.07.2021 19:20,0.1,0.027,0.001,0.027,0.009,,,,,,,,,,,
26.07.2021 19:40,0.1,0.03,0.001,0.026,0.009,,,,,,,,,,,
26.07.2021 20:00,0.2,0.047,0.002,0.037,0.016,,,,,,,,,,,
26.07.2021 20:20,0.2,0.051,0.001,0.037,0.013,,,,,,,,,,,
26.07.2021 20:40,0.2,0.052,0.001,0.036,0.012,,,,,,,,,,,
26.07.2021 21:00,0.3,0.052,0.001,0.036,0.014,,,,,,,,,,,
26.07.2021 21:20,0.3,0.054,0.001,0.036,0.014,,,,,,,,,,,
26.07.2021 21:40,0.3,0.056,0.001,0.035,0.014,,,,,,,,,,,
26.07.2021 22:00,0.3,0.056,0.001,0.039,0.012,,,,,,,,,,,
26.07.2021 22:20,0.4,0.063,0.015,0.045,0.012,,,,,,,,,,,
26.07.2021 22:40,0.4,0.059,0.027,0.04,0.011,,,,,,,,,,,
26.07.2021 23:00,0.3,0.064,0.001,0.039,0.011,,,,,,,,,,,
26.07.2021 23:20,0.3,0.06,0,0.034,0.01,,,,,,,,,,,
26.07.2021 23:40,0.3,0.062,0.001,0.032,0.011,,,,,,,,,,,
13.01.2021 00:00,0.3,0.035,0.037,0.025,0.011,,,,,,,,,,,
13.01.2021 00:20,0.3,0.034,0.035,0.024,0.012,,,,,,,,,,,
13.01.2021 00:40,0.2,0.034,0.033,0.023,0.01,,,,,,,,,,,
13.01.2021 01:00,0.2,0.034,0.029,0.022,0.011,,,,,,,,,,,
13.01.2021 01:20,0.2,0.034,0.028,0.021,0.011,,,,,,,,,,,
13.01.2021 01:40,0.2,0.034,0.028,0.021,0.011,,,,,,,,,,,
13.01.2021 02:00,0.2,0.034,0.028,0.02,0.011,,,,,,,,,,,
13.01.2021 02:20,0.4,0.034,0.026,0.022,0.011,,,,,,,,,,,
13.01.2021 02:40,0.4,0.034,0.022,0.021,0.01,,,,,,,,,,,
13.01.2021 03:00,0.4,0.034,0.021,0.02,0.012,,,,,,,,,,,
13.01.2021 03:20,0.3,0.034,0.021,0.019,0.009,,,,,,,,,,,
13.01.2021 03:40,0.3,0.034,0.02,0.02,0.011,,,,,,,,,,,
13.01.2021 04:00,0.3,0.034,0.017,0.02,0.011,,,,,,,,,,,
13.01.2021 04:20,0.3,0.034,0.015,0.022,0.011,,,,,,,,,,,
13.01.2021 04:40,0.3,0.034,0.016,0.021,0.01,,,,,,,,,,,
13.01.2021 05:00,0.3,0.034,0.018,0.022,0.011,,,,,,,,,,,
13.01.2021 05:20,0.3,0.035,0.02,0.021,0.011,,,,,,,,,,,
13.01.2021 05:40,0.3,0.034,0.02,0.022,0.011,,,,,,,,,,,
13.01.2021 06:00,0.3,0.033,0.018,0.021,0.01,,,,,,,,,,,
13.01.2021 06:20,0.3,0.033,0.017,0.022,0.011,,,,,,,,,,,
13.01.2021 06:40,0.3,0.033,0.014,0.022,0.011,,,,,,,,,,,
13.01.2021 07:00,0.3,0.033,0.012,0.024,0.013,,,,,,,,,,,
13.01.2021 07:20,0.3,0.033,0.011,0.027,0.009,,,,,,,,,,,
13.01.2021 07:40,0.3,0.031,0.017,0.025,0.013,,,,,,,,,,,
13.01.2021 08:00,0.4,0.034,0.021,0.024,0.01,,,,,,,,,,,
13.01.2021 08:20,0.4,0.035,0.023,0.026,0.014,,,,,,,,,,,
13.01.2021 08:40,0.4,0.034,0.021,0.025,0.011,,,,,,,,,,,
13.01.2021 09:00,0.4,0.034,0.02,0.027,0.016,,,,,,,,,,,
13.01.2021 09:20,0.4,0.034,0.019,0.028,0.012,,,,,,,,,,,
13.01.2021 09:40,0.4,0.034,0.022,0.028,0.015,,,,,,,,,,,
13.01.2021 10:00,0.4,0.034,0.024,0.027,0.011,,,,,,,,,,,
13.01.2021 10:20,0.4,0.034,0.028,0.026,0.014,,,,,,,,,,,
13.01.2021 10:40,0.4,0.034,0.03,0.026,0.01,,,,,,,,,,,
13.01.2021 11:00,0.4,0.034,0.032,0.027,0.015,,,,,,,,,,,
13.01.2021 11:20,0.4,0.034,0.033,0.029,0.012,,,,,,,,,,,
13.01.2021 11:40,0.4,0.035,0.036,0.03,0.015,,,,,,,,,,,
13.01.2021 12:00,0.4,0.032,0.031,0.029,0.011,,,,,,,,,,,
13.01.2021 12:20,0.4,0.032,0.028,0.029,0.017,,,,,,,,,,,
13.01.2021 12:40,0.4,0.033,0.022,0.031,,,,,,,,,,,,
13.01.2021 13:00,0.4,0.032,0.024,0.03,0.093,,,,,,,,,,,
13.01.2021 13:20,0.4,0.031,0.023,0.027,0.059,,,,,,,,,,,
13.01.2021 13:40,0.4,0.031,0.025,0.026,0.044,,,,,,,,,,,
13.01.2021 14:00,0.4,0.035,0.028,0.027,0.036,,,,,,,,,,,
13.01.2021 14:20,0.3,0.033,0.027,0.026,0.03,,,,,,,,,,,
13.01.2021 14:40,0.3,0.032,0.025,0.025,0.029,,,,,,,,,,,
13.01.2021 15:00,0.3,0.032,0.022,0.025,0.026,,,,,,,,,,,
13.01.2021 15:20,0.3,0.032,0.021,0.026,0.027,,,,,,,,,,,
13.01.2021 15:40,0.3,0.033,0.021,0.028,0.025,,,,,,,,,,,
13.01.2021 16:00,0.3,0.033,0.019,0.027,0.024,,,,,,,,,,,
13.01.2021 16:20,0.3,0.034,0.016,0.027,0.022,,,,,,,,,,,
13.01.2021 16:40,0.3,0.035,0.015,0.027,0.021,,,,,,,,,,,
13.01.2021 17:00,0.3,0.036,0.016,0.028,0.022,,,,,,,,,,,
13.01.2021 17:20,0.3,0.036,0.015,0.026,0.021,,,,,,,,,,,
13.01.2021 17:40,0.3,0.036,0.014,0.024,0.019,,,,,,,,,,,
13.01.2021 18:00,0.3,0.035,0.012,0.023,0.016,,,,,,,,,,,
13.01.2021 18:20,0.3,0.035,0.011,0.021,0.019,,,,,,,,,,,
13.01.2021 18:40,0.3,0.035,0.011,0.024,0.02,,,,,,,,,,,
13.01.2021 19:00,0.3,0.034,0.011,0.029,0.018,,,,,,,,,,,
13.01.2021 19:20,0.3,0.034,0.011,0.011,0.01,,,,,,,,,,,
13.01.2021 19:40,0.3,0.034,0.01,0.011,0.013,,,,,,,,,,,
13.01.2021 20:00,0.2,0.034,0.009,0.015,0.014,,,,,,,,,,,
13.01.2021 20:20,0.2,0.033,0.007,0.015,0.013,,,,,,,,,,,
13.01.2021 20:40,0.2,0.034,0.006,0.013,0.012,,,,,,,,,,,
13.01.2021 21:00,0.2,0.032,0.005,0.013,0.011,,,,,,,,,,,
13.01.2021 21:20,0.2,0.029,0.004,0.015,0.012,,,,,,,,,,,
13.01.2021 21:40,0.2,0.027,0.003,0.016,0.011,,,,,,,,,,,
13.01.2021 22:00,0.2,0.026,0.002,0.021,0.011,,,,,,,,,,,
13.01.2021 22:20,0.2,0.026,0.002,0.008,0.006,,,,,,,,,,,
13.01.2021 22:40,0.2,0.025,0.002,0.006,0.006,,,,,,,,,,,
13.01.2021 23:00,0.1,0.022,0.001,0.008,0.007,,,,,,,,,,,
13.01.2021 23:20,0.1,0.02,0.001,0.015,0.007,,,,,,,,,,,
13.01.2021 23:40,0.1,0.02,0.001,0.028,0.006,,,,,,,,,,,
14.01.2021 00:00,0.1,0.021,0.002,0.035,0.006,,,,,,,,,,,
14.01.2021 00:20,0.1,0.023,0.001,0.035,0.006,,,,,,,,,,,
14.01.2021 00:40,0.1,0.024,0.001,0.031,0.005,,,,,,,,,,,
14.01.2021 01:00,0.1,0.023,0.001,0.033,0.007,,,,,,,,,,,
14.01.2021 01:20,0.1,0.022,0.001,0.044,0.009,,,,,,,,,,,
14.01.2021 01:40,0.1,0.021,0.001,0.05,0.011,,,,,,,,,,,
14.01.2021 02:00,0.1,0.02,0.002,0.045,0.002,,,,,,,,,,,
14.01.2021 02:20,0.2,0.019,0.001,0.03,0.005,,,,,,,,,,,
14.01.2021 02:40,0.2,0.017,0.001,0.03,0.007,,,,,,,,,,,
14.01.2021 03:00,0.2,0.017,0.001,0.036,0.005,,,,,,,,,,,
14.01.2021 03:20,0.2,0.017,0.001,0.037,0.007,,,,,,,,,,,
14.01.2021 03:40,0.2,0.016,0.001,0.029,0.005,,,,,,,,,,,
14.01.2021 04:00,0.2,0.017,0.001,0.024,0.007,,,,,,,,,,,
14.01.2021 04:20,0.2,0.019,0.001,0.018,0.007,,,,,,,,,,,
14.01.2021 04:40,0.2,0.018,0.001,0.03,0.007,,,,,,,,,,,
14.01.2021 05:00,0.2,0.019,0.001,0.049,0.007,,,,,,,,,,,
14.01.2021 05:20,0.2,0.02,0.001,0.031,0.006,,,,,,,,,,,
14.01.2021 05:40,0.2,0.021,0.001,0.02,0.006,,,,,,,,,,,
14.01.2021 06:00,0.2,0.021,0.002,0.018,0.008,,,,,,,,,,,
14.01.2021 06:20,0.2,0.021,0.002,0.019,0.008,,,,,,,,,,,
14.01.2021 06:40,0.2,0.021,0.002,0.015,0.008,,,,,,,,,,,
14.01.2021 07:00,0.2,0.022,0.002,0.012,0.008,,,,,,,,,,,
14.01.2021 07:20,0.2,0.023,0.002,0.011,0.007,,,,,,,,,,,
14.01.2021 07:40,0.2,0.024,0.002,0.011,0.009,,,,,,,,,,,
14.01.2021 08:00,0.2,0.025,0.003,0.01,0.007,,,,,,,,,,,
14.01.2021 08:20,0.2,0.026,0.003,0.012,0.009,,,,,,,,,,,
14.01.2021 08:40,0.2,0.024,0.003,0.012,0.008,,,,,,,,,,,
14.01.2021 09:00,0.3,0.025,0.003,0.011,0.007,,,,,,,,,,,
14.01.2021 09:20,0.2,0.026,0.004,0.012,0.009,,,,,,,,,,,
14.01.2021 09:40,0.3,0.025,0.004,0.013,0.01,,,,,,,,,,,
14.01.2021 10:00,0.3,0.025,0.005,0.013,0.009,,,,,,,,,,,
14.01.2021 10:20,0.3,0.025,0.005,0.016,0.011,,,,,,,,,,,
14.01.2021 10:40,0.3,0.026,0.006,0.012,0.008,,,,,,,,,,,
14.01.2021 11:00,0.3,0.026,0.007,0.016,0.011,,,,,,,,,,,
14.01.2021 11:20,0.3,0.028,0.008,0.016,0.01,,,,,,,,,,,
14.01.2021 11:40,0.3,0.028,0.009,0.016,0.01,,,,,,,,,,,
14.01.2021 12:00,0.4,0.027,0.01,0.018,0.014,,,,,,,,,,,
14.01.2021 12:20,0.3,0.027,0.01,0.018,0.011,,,,,,,,,,,
14.01.2021 12:40,0.3,0.028,0.011,0.02,0.014,,,,,,,,,,,
14.01.2021 13:00,0.3,0.031,0.012,0.017,0.012,,,,,,,,,,,
14.01.2021 13:20,0.3,0.031,0.013,0.018,0.012,,,,,,,,,,,
14.01.2021 13:40,0.3,0.032,0.014,0.019,0.013,,,,,,,,,,,
14.01.2021 14:00,0.3,0.031,0.013,0.018,0.014,,,,,,,,,,,
14.01.2021 14:20,0.3,0.029,0.011,0.018,0.012,,,,,,,,,,,
14.01.2021 14:40,0.3,0.029,0.011,0.02,0.014,,,,,,,,,,,
14.01.2021 15:00,0.3,0.031,0.01,0.02,0.014,,,,,,,,,,,
14.01.2021 15:20,0.3,0.029,0.009,0.02,0.014,,,,,,,,,,,
14.01.2021 15:40,0.3,0.03,0.009,0.019,0.012,,,,,,,,,,,
14.01.2021 16:00,0.3,0.03,0.008,0.019,0.012,,,,,,,,,,,
14.01.2021 16:20,0.3,0.032,0.009,0.021,0.014,,,,,,,,,,,
14.01.2021 16:40,0.3,0.04,0.012,0.022,0.012,,,,,,,,,,,
14.01.2021 17:00,0.3,0.039,0.013,0.024,0.016,,,,,,,,,,,
14.01.2021 17:20,0.3,0.037,0.011,0.022,0.015,,,,,,,,,,,
14.01.2021 17:40,0.3,0.037,0.01,0.022,0.013,,,,,,,,,,,
14.01.2021 18:00,0.3,0.039,0.011,0.022,0.014,,,,,,,,,,,
14.01.2021 18:20,0.4,0.041,0.014,0.021,0.016,,,,,,,,,,,
14.01.2021 18:40,0.4,0.041,0.016,0.025,0.015,,,,,,,,,,,
14.01.2021 19:00,0.4,0.04,0.014,0.024,0.016,,,,,,,,,,,
14.01.2021 19:20,0.4,0.039,0.014,0.023,0.014,,,,,,,,,,,
14.01.2021 19:40,0.4,0.039,0.009,0.022,0.015,,,,,,,,,,,
14.01.2021 20:00,0.4,0.041,0.016,0.023,0.017,,,,,,,,,,,
14.01.2021 20:20,0.4,0.041,0.018,0.023,0.013,,,,,,,,,,,
14.01.2021 20:40,0.4,0.041,0.013,0.021,0.017,,,,,,,,,,,
14.01.2021 21:00,0.3,0.04,0.01,0.019,0.014,,,,,,,,,,,
14.01.2021 21:20,0.3,0.039,0.008,0.018,0.015,,,,,,,,,,,
14.01.2021 21:40,0.3,0.039,0.007,0.018,0.014,,,,,,,,,,,
14.01.2021 22:00,0.3,0.039,0.009,0.019,0.015,,,,,,,,,,,
14.01.2021 22:20,0.3,0.039,0.01,0.019,0.015,,,,,,,,,,,
14.01.2021 22:40,0.3,0.038,0.008,0.019,0.015,,,,,,,,,,,
14.01.2021 23:00,0.3,0.038,0.008,0.018,0.014,,,,,,,,,,,
14.01.2021 23:20,0.3,0.038,0.009,0.016,0.013,,,,,,,,,,,
14.01.2021 23:40,0.3,0.038,0.01,0.017,0.012,,,,,,,,,,,
11.04.2021 00:00,0.2,0.038,0.001,0.042,0.014,,,,,,,,,,,
11.04.2021 00:20,0.3,0.035,0.001,0.04,0.013,,,,,,,,,,,
11.04.2021 00:40,0.2,0.031,0.001,0.037,0.013,,,,,,,,,,,
11.04.2021 01:00,0.2,0.031,0.001,0.035,0.013,,,,,,,,,,,
11.04.2021 01:20,0.2,0.031,0.001,0.033,0.014,,,,,,,,,,,
11.04.2021 01:40,0.2,0.032,0.001,0.032,0.015,,,,,,,,,,,
11.04.2021 02:00,0.2,0.032,0.001,0.031,0.014,,,,,,,,,,,
11.04.2021 02:20,0.3,0.035,0.001,0.032,0.014,,,,,,,,,,,
11.04.2021 02:40,0.3,0.035,0.001,0.033,0.014,,,,,,,,,,,
11.04.2021 03:00,0.3,0.031,0.001,0.032,0.016,,,,,,,,,,,
11.04.2021 03:20,0.3,0.028,0.001,0.031,0.017,,,,,,,,,,,
11.04.2021 03:40,0.3,0.027,0.001,0.031,0.016,,,,,,,,,,,
11.04.2021 04:00,0.3,0.026,0.001,0.032,0.016,,,,,,,,,,,
11.04.2021 04:20,0.2,0.024,0.001,0.032,0.016,,,,,,,,,,,
11.04.2021 04:40,0.3,0.025,0.001,0.03,0.016,,,,,,,,,,,
11.04.2021 05:00,0.2,0.025,0,0.029,0.016,,,,,,,,,,,
11.04.2021 05:20,0.2,0.025,0,0.027,0.016,,,,,,,,,,,
11.04.2021 05:40,0.3,0.026,0.001,0.028,0.016,,,,,,,,,,,
11.04.2021 06:00,0.3,0.027,0.001,0.03,0.016,,,,,,,,,,,
11.04.2021 06:20,0.3,0.033,0.001,0.031,0.017,,,,,,,,,,,
11.04.2021 06:40,0.3,0.036,0.001,0.033,0.016,,,,,,,,,,,
11.04.2021 07:00,0.3,0.033,0.002,0.031,0.016,,,,,,,,,,,
11.04.2021 07:20,0.2,0.03,0.002,0.031,0.016,,,,,,,,,,,
11.04.2021 07:40,0.3,0.028,0.002,0.031,0.016,,,,,,,,,,,
11.04.2021 08:00,0.3,0.03,0.003,0.036,0.016,,,,,,,,,,,
11.04.2021 08:20,0.3,0.037,0.005,0.041,0.017,,,,,,,,,,,
11.04.2021 08:40,0.3,0.035,0.005,0.042,0.016,,,,,,,,,,,
11.04.2021 09:00,0.3,0.034,0.005,0.041,0.017,,,,,,,,,,,
11.04.2021 09:20,0.3,0.035,0.006,0.043,0.017,,,,,,,,,,,
11.04.2021 09:40,0.3,0.036,0.007,0.043,0.018,,,,,,,,,,,
11.04.2021 10:00,0.3,0.039,0.008,0.043,0.018,,,,,,,,,,,
11.04.2021 10:20,0.3,0.041,0.009,0.046,0.017,,,,,,,,,,,
11.04.2021 10:40,0.3,0.04,0.009,0.047,0.017,,,,,,,,,,,
11.04.2021 11:00,0.3,0.04,0.009,0.05,0.017,,,,,,,,,,,
11.04.2021 11:20,0.3,0.041,0.009,0.053,0.017,,,,,,,,,,,
11.04.2021 11:40,0.3,0.035,0.007,0.051,0.015,,,,,,,,,,,
11.04.2021 12:00,0.3,0.031,0.006,0.05,0.016,,,,,,,,,,,
11.04.2021 12:20,0.3,0.028,0.006,0.049,0.015,,,,,,,,,,,
11.04.2021 12:40,0.3,0.024,0.005,0.046,0.015,,,,,,,,,,,
11.04.2021 13:00,0.3,0.018,0.003,0.039,0.015,,,,,,,,,,,
11.04.2021 13:20,0.3,0.018,0.003,0.039,0.013,,,,,,,,,,,
11.04.2021 13:40,0.3,0.018,0.002,0.037,0.012,,,,,,,,,,,
11.04.2021 14:00,0.3,0.017,0.002,0.034,0.012,,,,,,,,,,,
11.04.2021 14:20,0.2,0.016,0.002,0.033,0.012,,,,,,,,,,,
11.04.2021 14:40,0.2,0.017,0.002,0.034,0.013,,,,,,,,,,,
11.04.2021 15:00,0.2,0.016,0.002,0.035,0.013,,,,,,,,,,,
11.04.2021 15:20,0.2,0.017,0.001,0.034,0.012,,,,,,,,,,,
11.04.2021 15:40,0.2,0.019,0.002,0.035,0.013,,,,,,,,,,,
11.04.2021 16:00,0.2,0.019,0.002,0.036,0.014,,,,,,,,,,,
11.04.2021 16:20,0.2,0.015,0.002,0.036,0.013,,,,,,,,,,,
11.04.2021 16:40,0.2,0.02,0.002,0.034,0.025,,,,,,,,,,,
11.04.2021 17:00,0.2,0.021,0.002,0.036,0.013,,,,,,,,,,,
11.04.2021 17:20,0.2,0.019,0.001,0.035,0.014,,,,,,,,,,,
11.04.2021 17:40,0.2,0.022,0.001,0.039,0.015,,,,,,,,,,,
11.04.2021 18:00,0.2,0.021,0.001,0.039,0.014,,,,,,,,,,,
11.04.2021 18:20,0.3,0.025,0.001,0.04,0.015,,,,,,,,,,,
11.04.2021 18:40,0.2,0.024,0.001,0.045,0.015,,,,,,,,,,,
11.04.2021 19:00,0.2,0.023,0,0.041,0.015,,,,,,,,,,,
11.04.2021 19:20,0.3,0.029,0.001,0.046,0.016,,,,,,,,,,,
11.04.2021 19:40,0.3,0.033,0.001,0.052,0.016,,,,,,,,,,,
11.04.2021 20:00,0.4,0.037,0.001,0.052,0.018,,,,,,,,,,,
11.04.2021 20:20,0.5,0.077,0.002,0.067,0.021,,,,,,,,,,,
11.04.2021 20:40,0.5,0.076,0.002,0.081,0.021,,,,,,,,,,,
11.04.2021 21:00,0.5,0.078,0.002,0.085,0.023,,,,,,,,,,,
11.04.2021 21:20,0.6,0.086,0.007,0.093,0.025,,,,,,,,,,,
11.04.2021 21:40,0.8,0.093,0.028,0.112,0.027,,,,,,,,,,,
11.04.2021 22:00,0.7,0.096,0.024,0.125,0.028,,,,,,,,,,,
11.04.2021 22:20,0.6,0.095,0.012,0.116,0.028,,,,,,,,,,,
11.04.2021 22:40,0.8,0.093,0.033,0.11,0.027,,,,,,,,,,,
11.04.2021 23:00,0.8,0.099,0.034,0.115,0.028,,,,,,,,,,,
11.04.2021 23:20,0.9,0.097,0.041,0.121,0.031,,,,,,,,,,,
11.04.2021 23:40,0.8,0.099,0.038,0.119,0.029,,,,,,,,,,,
12.04.2021 00:00,0.6,0.099,0.022,0.108,0.029,,,,,,,,,,,
12.04.2021 00:20,0.6,0.097,0.022,0.107,0.028,,,,,,,,,,,
12.04.2021 00:40,0.6,0.097,0.02,0.104,0.028,,,,,,,,,,,
12.04.2021 01:00,0.6,0.096,0.019,0.098,0.027,,,,,,,,,,,
12.04.2021 01:20,0.7,0.093,0.024,0.096,0.029,,,,,,,,,,,
12.04.2021 01:40,0.9,0.088,0.035,0.097,0.03,,,,,,,,,,,
12.04.2021 02:00,0.7,0.095,0.029,0.092,0.028,,,,,,,,,,,
12.04.2021 02:20,0.7,0.094,0.026,0.084,0.029,,,,,,,,,,,
12.04.2021 02:40,0.7,0.088,0.041,0.081,0.03,,,,,,,,,,,
12.04.2021 03:00,0.8,0.092,0.03,0.082,0.032,,,,,,,,,,,
12.04.2021 03:20,0.8,0.087,0.039,0.083,0.034,,,,,,,,,,,
12.04.2021 03:40,0.9,0.093,0.055,0.087,0.034,,,,,,,,,,,
12.04.2021 04:00,1.3,0.099,0.085,0.089,0.034,,,,,,,,,,,
12.04.2021 04:20,0.9,0.089,0.066,0.092,0.034,,,,,,,,,,,
12.04.2021 04:40,0.6,0.092,0.044,0.085,0.031,,,,,,,,,,,
12.04.2021 05:00,0.6,0.09,0.036,0.076,0.029,,,,,,,,,,,
12.04.2021 05:20,0.6,0.087,0.034,0.072,0.03,,,,,,,,,,,
12.04.2021 05:40,0.5,0.089,0.029,0.071,0.03,,,,,,,,,,,
12.04.2021 06:00,0.5,0.091,0.02,0.072,0.031,,,,,,,,,,,
12.04.2021 06:20,0.4,0.086,0.019,0.07,0.027,,,,,,,,,,,
12.04.2021 06:40,0.5,0.083,0.025,0.073,0.027,,,,,,,,,,,
12.04.2021 07:00,0.4,0.08,0.02,0.073,0.025,,,,,,,,,,,
12.04.2021 07:20,0.4,0.075,0.017,0.069,0.023,,,,,,,,,,,
12.04.2021 07:40,0.4,0.075,0.023,0.075,0.024,,,,,,,,,,,
12.04.2021 08:00,0.4,0.074,0.023,0.079,0.02,,,,,,,,,,,
12.04.2021 08:20,0.3,0.057,0.013,0.071,0.016,,,,,,,,,,,
12.04.2021 08:40,0.2,0.04,0.008,0.066,0.013,,,,,,,,,,,
12.04.2021 09:00,0.2,0.041,0.007,0.066,0.013,,,,,,,,,,,
12.04.2021 09:20,0.2,0.039,0.006,0.068,0.013,,,,,,,,,,,
12.04.2021 09:40,0.2,0.034,0.005,0.069,0.012,,,,,,,,,,,
12.04.2021 10:00,0.2,0.031,0.004,0.065,0.013,,,,,,,,,,,
12.04.2021 10:20,0.1,0.027,0.004,0.062,0.011,,,,,,,,,,,
12.04.2021 10:40,0.1,0.024,0.003,0.074,0.01,,,,,,,,,,,
12.04.2021 11:00,0.1,0.023,0.003,0.073,0.01,,,,,,,,,,,
12.04.2021 11:20,0.1,0.025,0.003,0.06,0.008,,,,,,,,,,,
12.04.2021 11:40,0.1,0.022,0.003,0.058,0.007,,,,,,,,,,,
12.04.2021 12:00,0.1,0.019,0.002,0.054,0.007,,,,,,,,,,,
12.04.2021 12:20,0.1,0.015,0.002,0.052,0.008,,,,,,,,,,,
12.04.2021 12:40,0.1,0.015,0.002,0.049,0.008,,,,,,,,,,,
12.04.2021 13:00,0.1,0.016,0.002,0.052,0.007,,,,,,,,,,,
12.04.2021 13:20,0.1,0.015,0.001,0.05,0.013,,,,,,,,,,,
12.04.2021 13:40,0.1,0.019,0.002,0.042,0.006,,,,,,,,,,,
12.04.2021 14:00,0.1,0.018,0.002,0.041,0.003,,,,,,,,,,,
12.04.2021 14:20,0.2,0.017,0.001,0.044,0.014,,,,,,,,,,,
12.04.2021 14:40,0.2,0.019,0.001,0.046,0.009,,,,,,,,,,,
12.04.2021 15:00,0.2,0.022,0.001,0.05,0.011,,,,,,,,,,,
12.04.2021 15:20,0.2,0.022,0.002,0.056,0.009,,,,,,,,,,,
12.04.2021 15:40,0.2,0.024,0.002,0.06,0.013,,,,,,,,,,,
12.04.2021 16:00,0.2,0.021,0.002,0.063,0.012,,,,,,,,,,,
12.04.2021 16:20,0.2,0.024,0.002,0.066,0.018,,,,,,,,,,,
12.04.2021 16:40,0.2,0.022,0.002,0.066,0.014,,,,,,,,,,,
12.04.2021 17:00,0.2,0.02,0.002,0.059,0.006,,,,,,,,,,,
12.04.2021 17:20,0.2,0.019,0.001,0.056,0.008,,,,,,,,,,,
12.04.2021 17:40,0.2,0.021,0.002,0.057,0.011,,,,,,,,,,,
12.04.2021 18:00,0.2,0.021,0.002,0.056,0.011,,,,,,,,,,,
12.04.2021 18:20,0.2,0.023,0.002,0.053,0.011,,,,,,,,,,,
12.04.2021 18:40,0.2,0.023,0.001,0.05,0.012,,,,,,,,,,,
12.04.2021 19:00,0.2,0.026,0.001,0.049,0.013,,,,,,,,,,,
12.04.2021 19:20,0.3,0.028,0.001,0.048,0.011,,,,,,,,,,,
12.04.2021 19:40,0.3,0.031,0.001,0.051,0.015,,,,,,,,,,,
12.04.2021 20:00,0.3,0.032,0.001,0.053,0.013,,,,,,,,,,,
12.04.2021 20:20,0.3,0.035,0.001,0.058,0.013,,,,,,,,,,,
12.04.2021 20:40,0.3,0.035,0.001,0.061,0.013,,,,,,,,,,,
12.04.2021 21:00,0.3,0.038,0.001,0.064,0.014,,,,,,,,,,,
12.04.2021 21:20,0.3,0.041,0.002,0.063,0.012,,,,,,,,,,,
12.04.2021 21:40,0.3,0.042,0.002,0.061,0.014,,,,,,,,,,,
12.04.2021 22:00,0.3,0.041,0.001,0.062,0.012,,,,,,,,,,,
12.04.2021 22:20,0.3,0.041,0.001,0.063,0.011,,,,,,,,,,,
12.04.2021 22:40,0.3,0.043,0.002,0.06,0.012,,,,,,,,,,,
12.04.2021 23:00,0.3,0.046,0.002,0.058,0.012,,,,,,,,,,,
12.04.2021 23:20,0.3,0.047,0.002,0.056,0.011,,,,,,,,,,,
12.04.2021 23:40,0.3,0.046,0.002,0.054,0.013,,,,,,,,,,,
11.07.2021 00:00,,,,0.044,0.02,,,,,,,,,,,
11.07.2021 00:20,,,,0.045,0.02,,,,,,,,,,,
11.07.2021 00:40,,,,0.049,0.023,,,,,,,,,,,
11.07.2021 01:00,,,,0.05,0.023,,,,,,,,,,,
11.07.2021 01:20,,,,0.05,0.023,,,,,,,,,,,
11.07.2021 01:40,,,,0.048,0.022,,,,,,,,,,,
11.07.2021 02:00,,,,0.041,0.019,,,,,,,,,,,
11.07.2021 02:20,,,,0.036,0.018,,,,,,,,,,,
11.07.2021 02:40,,,,0.035,0.019,,,,,,,,,,,
11.07.2021 03:00,,,,0.035,0.019,,,,,,,,,,,
11.07.2021 03:20,,,,0.034,0.017,,,,,,,,,,,
11.07.2021 03:40,,,,0.028,0.013,,,,,,,,,,,
11.07.2021 04:00,,,,0.025,0.016,,,,,,,,,,,
11.07.2021 04:20,,,,0.023,0.012,,,,,,,,,,,
11.07.2021 04:40,,,,0.021,0.013,,,,,,,,,,,
11.07.2021 05:00,,,,0.024,0.013,,,,,,,,,,,
11.07.2021 05:20,,,,0.021,0.013,,,,,,,,,,,
11.07.2021 05:40,,,,0.023,0.013,,,,,,,,,,,
11.07.2021 06:00,,,,0.026,0.015,,,,,,,,,,,
11.07.2021 06:20,,,,0.011,0.014,,,,,,,,,,,
11.07.2021 06:40,,,,,0.004,,,,,,,,,,,
11.07.2021 07:00,,,,,0.007,,,,,,,,,,,
11.07.2021 07:20,,,,0.003,0.005,,,,,,,,,,,
11.07.2021 07:40,,,,0.015,0.011,,,,,,,,,,,
11.07.2021 08:00,,,,0.009,0.008,,,,,,,,,,,
11.07.2021 08:20,,,,0.006,0.003,,,,,,,,,,,
11.07.2021 08:40,,,,0.005,0.007,,,,,,,,,,,
11.07.2021 09:00,,,,,0.006,,,,,,,,,,,
11.07.2021 09:20,,,,0.003,0.007,,,,,,,,,,,
11.07.2021 09:40,,,,0.015,0.008,,,,,,,,,,,
11.07.2021 10:00,,,,0.017,0.01,,,,,,,,,,,
11.07.2021 10:20,,,,0.027,0.018,,,,,,,,,,,
11.07.2021 10:40,,,,0.031,0.006,,,,,,,,,,,
11.07.2021 11:00,,,,0.023,0.011,,,,,,,,,,,
11.07.2021 11:20,,,,0.015,0.004,,,,,,,,,,,
11.07.2021 11:40,,,,0.016,0.009,,,,,,,,,,,
11.07.2021 12:00,,,,0.022,0.01,,,,,,,,,,,
11.07.2021 12:20,,,,0.027,0.012,,,,,,,,,,,
11.07.2021 12:40,,,,0.026,0.01,,,,,,,,,,,
11.07.2021 13:00,,,,0.02,0.008,,,,,,,,,,,
11.07.2021 13:20,,,,0.016,0.006,,,,,,,,,,,
11.07.2021 13:40,,,,0.012,0.006,,,,,,,,,,,
11.07.2021 14:00,,,,0.014,0.008,,,,,,,,,,,
11.07.2021 14:20,,,,0.012,0.007,,,,,,,,,,,
11.07.2021 14:40,,,,0.015,0.006,,,,,,,,,,,
11.07.2021 15:00,,,,0.015,0.008,,,,,,,,,,,
11.07.2021 15:20,,,,0.023,0.008,,,,,,,,,,,
11.07.2021 15:40,,,,0.021,0.01,,,,,,,,,,,
11.07.2021 16:00,,,,0.023,0.007,,,,,,,,,,,
11.07.2021 16:20,,,,0.02,0.012,,,,,,,,,,,
11.07.2021 16:40,,,,0.017,0.006,,,,,,,,,,,
11.07.2021 17:00,,,,0.011,0.005,,,,,,,,,,,
11.07.2021 17:20,,,,0.008,0.006,,,,,,,,,,,
11.07.2021 17:40,,,,0.017,0.01,,,,,,,,,,,
11.07.2021 18:00,,,,0.017,0.005,,,,,,,,,,,
11.07.2021 18:20,,,,0.011,0.003,,,,,,,,,,,
11.07.2021 18:40,,,,0.008,0.003,,,,,,,,,,,
11.07.2021 19:00,,,,0.01,0.003,,,,,,,,,,,
11.07.2021 19:20,,,,0.013,0.005,,,,,,,,,,,
11.07.2021 19:40,,,,0.006,0.002,,,,,,,,,,,
11.07.2021 20:00,,,,0,0.002,,,,,,,,,,,
11.07.2021 20:20,,,,0.005,0.004,,,,,,,,,,,
11.07.2021 20:40,,,,0.014,0.005,,,,,,,,,,,
11.07.2021 21:00,,,,0.009,0.003,,,,,,,,,,,
11.07.2021 21:20,,,,0.014,0.006,,,,,,,,,,,
11.07.2021 21:40,,,,0.022,0.011,,,,,,,,,,,
11.07.2021 22:00,,,,0.03,0.012,,,,,,,,,,,
11.07.2021 22:20,,,,0.031,0.009,,,,,,,,,,,
11.07.2021 22:40,,,,0.031,0.01,,,,,,,,,,,
11.07.2021 23:00,,,,0.032,0.011,,,,,,,,,,,
11.07.2021 23:20,,,,0.032,0.01,,,,,,,,,,,
11.07.2021 23:40,,,,0.03,0.011,,,,,,,,,,,
12.07.2021 00:00,,,,0.027,0.006,,,,,,,,,,,
12.07.2021 00:20,,,,0.02,0.007,,,,,,,,,,,
12.07.2021 00:40,,,,0.018,0.007,,,,,,,,,,,
12.07.2021 01:00,,,,0.02,0.009,,,,,,,,,,,
12.07.2021 01:20,,,,0.023,0.01,,,,,,,,,,,
12.07.2021 01:40,,,,0.026,0.009,,,,,,,,,,,
12.07.2021 02:00,,,,0.025,0.008,,,,,,,,,,,
12.07.2021 02:20,,,,0.021,0.006,,,,,,,,,,,
12.07.2021 02:40,,,,0.017,0.006,,,,,,,,,,,
12.07.2021 03:00,,,,0.018,0.006,,,,,,,,,,,
12.07.2021 03:20,,,,0.018,0.007,,,,,,,,,,,
12.07.2021 03:40,,,,0.019,0.007,,,,,,,,,,,
12.07.2021 04:00,,,,0.018,0.006,,,,,,,,,,,
12.07.2021 04:20,,,,0.016,0.005,,,,,,,,,,,
12.07.2021 04:40,,,,0.019,0.009,,,,,,,,,,,
12.07.2021 05:00,,,,0.024,0.01,,,,,,,,,,,
12.07.2021 05:20,,,,0.019,0.006,,,,,,,,,,,
12.07.2021 05:40,,,,0.018,0.007,,,,,,,,,,,
12.07.2021 06:00,,,,0.019,0.008,,,,,,,,,,,
12.07.2021 06:20,,,,0.021,0.009,,,,,,,,,,,
12.07.2021 06:40,,,,0.022,0.008,,,,,,,,,,,
12.07.2021 07:00,,,,0.02,0.007,,,,,,,,,,,
12.07.2021 07:20,,,,0.022,0.012,,,,,,,,,,,
12.07.2021 07:40,,,,0.029,0.013,,,,,,,,,,,
12.07.2021 08:00,,,,0.029,0.011,,,,,,,,,,,
12.07.2021 08:20,,,,0.018,0.004,,,,,,,,,,,
12.07.2021 08:40,,,,0.01,0.007,,,,,,,,,,,
12.07.2021 09:00,,,,0.016,0.006,,,,,,,,,,,
12.07.2021 09:20,,,,0.02,0.009,,,,,,,,,,,
12.07.2021 09:40,,,,0.02,0.007,,,,,,,,,,,
12.07.2021 10:00,,,,0.023,0.012,,,,,,,,,,,
12.07.2021 10:20,,,,0.008,0.005,,,,,,,,,,,
12.07.2021 10:40,,,,0.013,0.006,,,,,,,,,,,
12.07.2021 11:00,,,,0.017,0.006,,,,,,,,,,,
12.07.2021 11:20,,,,0.019,0.005,,,,,,,,,,,
12.07.2021 11:40,,,,0.023,0.008,,,,,,,,,,,
12.07.2021 12:00,,,,0.016,0.01,,,,,,,,,,,
12.07.2021 12:20,,,,0.003,0.003,,,,,,,,,,,
12.07.2021 12:40,,,,0.037,0.023,,,,,,,,,,,
12.07.2021 13:00,,,,0.056,0.025,,,,,,,,,,,
12.07.2021 13:20,,0.028,0.008,0.036,0.006,,,,,,,,,,,
12.07.2021 13:40,,0.028,0.002,0.031,0.005,,,,,,,,,,,
12.07.2021 14:00,,0.023,0.001,0.018,0.009,,,,,,,,,,,
12.07.2021 14:20,,0.024,0.001,0.02,0.01,,,,,,,,,,,
12.07.2021 14:40,,0.03,0.003,0.021,0.008,,,,,,,,,,,
12.07.2021 15:00,,0.027,0.001,0.029,0.01,,,,,,,,,,,
12.07.2021 15:20,,0.025,0.001,0.033,0.012,,,,,,,,,,,
12.07.2021 15:40,,0.027,0.001,0.027,0.008,,,,,,,,,,,
12.07.2021 16:00,,0.026,0.001,0.035,0.015,,,,,,,,,,,
12.07.2021 16:20,,0.029,0.001,0.026,0.01,,,,,,,,,,,
12.07.2021 16:40,,0.031,0.001,0.034,0.012,,,,,,,,,,,
12.07.2021 17:00,,0.03,0.001,0.033,0.013,,,,,,,,,,,
12.07.2021 17:20,,0.033,0.001,0.03,0.012,,,,,,,,,,,
12.07.2021 17:40,,0.033,0,0.036,0.014,,,,,,,,,,,
12.07.2021 18:00,,0.034,0,0.041,0.01,,,,,,,,,,,
12.07.2021 18:20,,0.033,0,0.03,0.008,,,,,,,,,,,
12.07.2021 18:40,,0.03,0,0.033,0.013,,,,,,,,,,,
12.07.2021 19:00,,0.034,0.001,0.043,0.013,,,,,,,,,,,
12.07.2021 19:20,,0.044,0.001,0.038,0.009,,,,,,,,,,,
12.07.2021 19:40,,0.032,0.001,0.038,0.011,,,,,,,,,,,
12.07.2021 20:00,,0.038,0.001,0.032,0.008,,,,,,,,,,,
12.07.2021 20:20,,0.04,0.001,0.033,0.011,,,,,,,,,,,
12.07.2021 20:40,,0.04,0,0.035,0.009,,,,,,,,,,,
12.07.2021 21:00,,0.039,0,0.031,0.01,,,,,,,,,,,
12.07.2021 21:20,,0.05,0,0.03,0.011,,,,,,,,,,,
12.07.2021 21:40,,0.056,0.001,0.036,0.012,,,,,,,,,,,
12.07.2021 22:00,,0.054,0,0.032,0.01,,,,,,,,,,,
12.07.2021 22:20,,0.072,0,0.037,0.015,,,,,,,,,,,
12.07.2021 22:40,,0.082,0.001,0.042,0.012,,,,,,,,,,,
12.07.2021 23:00,,0.08,0.001,0.041,0.014,,,,,,,,,,,
12.07.2021 23:20,,0.082,0,0.041,0.015,,,,,,,,,,,
12.07.2021 23:40,,0.088,0.001,0.043,0.015,,,,,,,,,,,
11.09.2021 00:00,0.9,0.052,0.078,0.024,,,,,,,,,,,,
11.09.2021 00:20,0.8,0.057,0.063,0.023,,,,,,,,,,,,
11.09.2021 00:40,0.8,0.048,0.051,0.025,,,,,,,,,,,,
11.09.2021 01:00,0.7,0.048,0.038,0.023,,,,,,,,,,,,
11.09.2021 01:20,0.7,0.046,0.035,0.022,,,,,,,,,,,,
11.09.2021 01:40,0.6,0.052,0.019,0.021,,,,,,,,,,,,
11.09.2021 02:00,0.5,0.043,0.002,0.014,,,,,,,,,,,,
11.09.2021 02:20,0.5,0.045,0.002,0.013,,,,,,,,,,,,
11.09.2021 02:40,0.5,0.05,0.003,0.017,,,,,,,,,,,,
11.09.2021 03:00,0.5,0.055,0.005,0.018,,,,,,,,,,,,
11.09.2021 03:20,0.5,0.057,0.007,0.02,,,,,,,,,,,,
11.09.2021 03:40,0.5,0.057,0.008,0.023,,,,,,,,,,,,
11.09.2021 04:00,0.5,0.057,0.009,0.023,,,,,,,,,,,,
11.09.2021 04:20,0.5,0.056,0.009,0.024,,,,,,,,,,,,
11.09.2021 04:40,0.5,0.055,0.008,0.024,,,,,,,,,,,,
11.09.2021 05:00,0.5,0.054,0.006,0.023,,,,,,,,,,,,
11.09.2021 05:20,0.5,0.054,0.008,0.023,,,,,,,,,,,,
11.09.2021 05:40,0.5,0.052,0.013,0.024,,,,,,,,,,,,
11.09.2021 06:00,0.5,0.051,0.02,0.027,,,,,,,,,,,,
11.09.2021 06:20,0.5,0.054,0.023,0.028,,,,,,,,,,,,
11.09.2021 06:40,0.5,0.053,0.02,0.032,,,,,,,,,,,,
11.09.2021 07:00,0.5,0.051,0.019,0.034,,,,,,,,,,,,
11.09.2021 07:20,0.5,0.05,0.022,0.032,,,,,,,,,,,,
11.09.2021 07:40,0.5,0.049,0.024,0.031,,,,,,,,,,,,
11.09.2021 08:00,0.5,0.05,0.022,0.027,,,,,,,,,,,,
11.09.2021 08:20,0.5,0.05,0.023,0.026,,,,,,,,,,,,
11.09.2021 08:40,0.5,0.049,0.021,0.026,,,,,,,,,,,,
11.09.2021 09:00,0.5,0.051,0.023,0.024,,,,,,,,,,,,
11.09.2021 09:20,0.6,0.053,0.028,0.027,,,,,,,,,,,,
11.09.2021 09:40,0.6,0.055,0.031,0.032,,,,,,,,,,,,
11.09.2021 10:00,0.5,0.056,0.033,0.034,,,,,,,,,,,,
11.09.2021 10:20,0.6,0.063,0.036,0.037,,,,,,,,,,,,
11.09.2021 10:40,0.6,0.06,0.038,0.039,,,,,,,,,,,,
11.09.2021 11:00,0.6,0.062,0.041,0.04,,,,,,,,,,,,
11.09.2021 11:20,0.6,0.063,0.04,0.039,,,,,,,,,,,,
11.09.2021 11:40,0.6,0.065,0.038,0.038,,,,,,,,,,,,
11.09.2021 12:00,0.5,0.062,0.028,0.034,,,,,,,,,,,,
11.09.2021 12:20,0.4,0.056,0.017,0.031,,,,,,,,,,,,
11.09.2021 12:40,0.4,0.053,0.014,0.027,,,,,,,,,,,,
11.09.2021 13:00,0.4,0.036,0.007,0.019,,,,,,,,,,,,
11.09.2021 13:20,0.4,0.043,0.008,0.018,,,,,,,,,,,,
11.09.2021 13:40,0.4,0.047,0.009,0.02,,,,,,,,,,,,
11.09.2021 14:00,0.4,0.052,0.011,0.021,,,,,,,,,,,,
11.09.2021 14:20,0.4,0.06,0.013,0.023,,,,,,,,,,,,
11.09.2021 14:40,0.5,0.061,0.016,0.026,,,,,,,,,,,,
11.09.2021 15:00,0.4,0.058,0.015,0.028,,,,,,,,,,,,
11.09.2021 15:20,0.4,0.058,0.016,0.025,,,,,,,,,,,,
11.09.2021 15:40,0.4,0.058,0.017,0.028,,,,,,,,,,,,
11.09.2021 16:00,0.4,0.06,0.017,0.029,,,,,,,,,,,,
11.09.2021 16:20,0.3,0.05,0.014,0.027,,,,,,,,,,,,
11.09.2021 16:40,0.4,0.045,0.009,0.024,,,,,,,,,,,,
11.09.2021 17:00,0.3,0.05,0.007,0.025,,,,,,,,,,,,
11.09.2021 17:20,0.4,0.052,0.006,0.027,,,,,,,,,,,,
11.09.2021 17:40,0.4,0.053,0.005,0.03,,,,,,,,,,,,
11.09.2021 18:00,0.4,0.055,0.005,0.031,,,,,,,,,,,,
11.09.2021 18:20,0.4,0.061,0.007,0.035,,,,,,,,,,,,
11.09.2021 18:40,0.4,0.055,0.007,0.034,,,,,,,,,,,,
11.09.2021 19:00,0.4,0.055,0.006,0.032,,,,,,,,,,,,
11.09.2021 19:20,0.5,0.062,0.007,0.032,,,,,,,,,,,,
11.09.2021 19:40,0.5,0.068,0.012,0.033,,,,,,,,,,,,
11.09.2021 20:00,0.6,0.064,0.018,0.033,,,,,,,,,,,,
11.09.2021 20:20,0.6,0.061,0.025,0.035,,,,,,,,,,,,
11.09.2021 20:40,0.6,0.061,0.027,0.035,,,,,,,,,,,,
11.09.2021 21:00,0.7,0.057,0.037,0.036,,,,,,,,,,,,
11.09.2021 21:20,0.8,0.06,0.057,0.037,,,,,,,,,,,,
11.09.2021 21:40,1.5,0.059,0.076,0.039,,,,,,,,,,,,
11.09.2021 22:00,1.2,0.06,0.043,0.038,,,,,,,,,,,,
11.09.2021 22:20,1,0.058,0.051,0.036,,,,,,,,,,,,
11.09.2021 22:40,1.1,0.057,0.069,0.037,,,,,,,,,,,,
11.09.2021 23:00,0.9,0.065,0.073,0.043,,,,,,,,,,,,
11.09.2021 23:20,0.9,0.068,0.069,0.043,,,,,,,,,,,,
11.09.2021 23:40,1,0.065,0.08,0.045,,,,,,,,,,,,
12.09.2021 00:00,0.9,0.07,0.057,0.049,,,,,,,,,,,,
12.09.2021 00:20,0.8,0.073,0.049,0.043,,,,,,,,,,,,
12.09.2021 00:40,0.5,0.065,0.005,0.038,,,,,,,,,,,,
12.09.2021 01:00,0.5,0.064,0.003,0.034,,,,,,,,,,,,
12.09.2021 01:20,0.5,0.065,0.004,0.031,,,,,,,,,,,,
12.09.2021 01:40,0.4,0.066,0.005,0.032,,,,,,,,,,,,
12.09.2021 02:00,0.4,0.066,0.006,0.033,,,,,,,,,,,,
12.09.2021 02:20,0.5,0.062,0.015,0.034,,,,,,,,,,,,
12.09.2021 02:40,0.4,0.057,0.004,0.032,,,,,,,,,,,,
12.09.2021 03:00,0.4,0.059,0.005,0.031,,,,,,,,,,,,
12.09.2021 03:20,0.4,0.058,0.004,0.031,,,,,,,,,,,,
12.09.2021 03:40,0.4,0.057,0.004,0.032,,,,,,,,,,,,
12.09.2021 04:00,0.5,0.057,0.007,0.031,,,,,,,,,,,,
12.09.2021 04:20,0.4,0.057,0.008,0.032,,,,,,,,,,,,
12.09.2021 04:40,0.4,0.055,0.004,0.031,,,,,,,,,,,,
12.09.2021 05:00,0.4,0.053,0.008,0.028,,,,,,,,,,,,
12.09.2021 05:20,0.4,0.05,0.018,0.03,,,,,,,,,,,,
12.09.2021 05:40,0.4,0.053,0.009,0.029,,,,,,,,,,,,
12.09.2021 06:00,0.3,0.055,0.004,0.028,,,,,,,,,,,,
12.09.2021 06:20,0.3,0.051,0.004,0.03,,,,,,,,,,,,
12.09.2021 06:40,0.3,0.053,0.007,0.028,,,,,,,,,,,,
12.09.2021 07:00,0.4,0.05,0.019,0.03,,,,,,,,,,,,
12.09.2021 07:20,0.4,0.05,0.023,0.04,,,,,,,,,,,,
12.09.2021 07:40,0.4,0.053,0.026,0.037,,,,,,,,,,,,
12.09.2021 08:00,0.4,0.056,0.026,0.035,,,,,,,,,,,,
12.09.2021 08:20,0.4,0.054,0.024,0.034,,,,,,,,,,,,
12.09.2021 08:40,0.4,0.055,0.021,0.03,,,,,,,,,,,,
12.09.2021 09:00,0.4,0.058,0.022,0.032,,,,,,,,,,,,
12.09.2021 09:20,0.4,0.061,0.024,0.036,,,,,,,,,,,,
12.09.2021 09:40,0.5,0.068,0.034,0.04,,,,,,,,,,,,
12.09.2021 10:00,0.5,0.075,0.041,0.045,,,,,,,,,,,,
12.09.2021 10:20,0.4,0.076,0.035,0.046,,,,,,,,,,,,
12.09.2021 10:40,0.4,0.078,0.032,0.047,,,,,,,,,,,,
12.09.2021 11:00,0.4,0.073,0.022,0.046,,,,,,,,,,,,
12.09.2021 11:20,0.4,0.069,0.017,0.045,,,,,,,,,,,,
12.09.2021 11:40,0.3,0.066,0.014,0.046,,,,,,,,,,,,
12.09.2021 12:00,0.4,0.068,0.015,0.049,,,,,,,,,,,,
12.09.2021 12:20,0.4,0.068,0.015,0.05,,,,,,,,,,,,
12.09.2021 12:40,0.3,0.06,0.01,0.046,,,,,,,,,,,,
12.09.2021 13:00,0.3,0.053,0.008,0.045,,,,,,,,,,,,
12.09.2021 13:20,0.3,0.047,0.007,0.042,,,,,,,,,,,,
12.09.2021 13:40,0.3,0.047,0.005,0.04,,,,,,,,,,,,
12.09.2021 14:00,0.4,0.046,0.004,0.038,,,,,,,,,,,,
12.09.2021 14:20,0.4,0.048,0.004,0.036,,,,,,,,,,,,
12.09.2021 14:40,0.4,0.06,0.006,0.037,,,,,,,,,,,,
12.09.2021 15:00,0.4,0.068,0.006,0.037,,,,,,,,,,,,
12.09.2021 15:20,0.4,0.056,0.005,0.037,,,,,,,,,,,,
12.09.2021 15:40,0.4,0.058,0.005,0.036,,,,,,,,,,,,
12.09.2021 16:00,0.4,0.052,0.004,0.035,,,,,,,,,,,,
12.09.2021 16:20,0.4,0.054,0.004,0.038,,,,,,,,,,,,
12.09.2021 16:40,0.4,0.058,0.005,0.039,,,,,,,,,,,,
12.09.2021 17:00,0.3,0.056,0.004,0.039,,,,,,,,,,,,
12.09.2021 17:20,0.4,0.053,0.003,0.038,,,,,,,,,,,,
12.09.2021 17:40,0.4,0.057,0.003,0.038,,,,,,,,,,,,
12.09.2021 18:00,0.4,0.06,0.003,0.039,,,,,,,,,,,,
12.09.2021 18:20,0.4,0.064,0.003,0.041,,,,,,,,,,,,
12.09.2021 18:40,0.4,0.062,0.002,0.04,,,,,,,,,,,,
12.09.2021 19:00,0.4,0.057,0.002,0.038,,,,,,,,,,,,
12.09.2021 19:20,0.4,0.061,0.001,0.038,,,,,,,,,,,,
12.09.2021 19:40,0.5,0.067,0.001,0.035,,,,,,,,,,,,
12.09.2021 20:00,0.4,0.068,0.001,0.035,,,,,,,,,,,,
12.09.2021 20:20,0.4,0.063,0.001,0.035,,,,,,,,,,,,
12.09.2021 20:40,0.5,0.063,0.002,0.034,,,,,,,,,,,,
12.09.2021 21:00,0.5,0.077,0.003,0.035,,,,,,,,,,,,
12.09.2021 21:20,0.6,0.085,0.015,0.041,,,,,,,,,,,,
12.09.2021 21:40,0.6,0.085,0.011,0.037,,,,,,,,,,,,
12.09.2021 22:00,0.7,0.082,0.019,0.036,,,,,,,,,,,,
12.09.2021 22:20,0.7,0.081,0.028,0.035,,,,,,,,,,,,
12.09.2021 22:40,0.6,0.08,0.01,0.034,,,,,,,,,,,,
12.09.2021 23:00,0.8,0.077,0.009,0.036,,,,,,,,,,,,
12.09.2021 23:20,0.6,0.076,0.007,0.036,,,,,,,,,,,,
12.09.2021 23:40,0.6,0.074,0.01,0.036,,,,,,,,,,,,
13.04.2021 00:00,,,,,,756.2,62.6,1.4,70,11.7,0,,,,,
13.04.2021 00:20,,,,,,756.1,64.3,1.1,78,11.6,0,,,,,
13.04.2021 00:40,,,,,,756,66.3,1.6,68,11.5,0,,,,,
13.04.2021 01:00,,,,,,755.9,67.8,2.2,58,11.4,0,,,,,
13.04.2021 01:20,,,,,,755.8,69.1,1.7,70,11.2,0,,,,,
13.04.2021 01:40,,,,,,755.7,70.8,1.7,70,11,0,,,,,
13.04.2021 02:00,,,,,,755.6,72.4,1.7,80,10.9,0,,,,,
13.04.2021 02:20,,,,,,755.5,73.7,1.5,77,10.8,0,,,,,
13.04.2021 02:40,,,,,,755.5,74.6,1.5,70,10.7,0,,,,,
13.04.2021 03:00,,,,,,755.4,75.8,1.6,97,10.6,0,,,,,
13.04.2021 03:20,,,,,,755.4,76.9,1.6,73,10.6,0,,,,,
13.04.2021 03:40,,,,,,755.3,77.9,1.7,73,10.5,0,,,,,
13.04.2021 04:00,,,,,,755.2,78.9,1.6,79,10.4,0,,,,,
13.04.2021 04:20,,,,,,755.2,80,1.5,95,10.3,0,,,,,
13.04.2021 04:40,,,,,,755.1,81,1.5,77,10.2,0,,,,,
13.04.2021 05:00,,,,,,755.1,81.6,1.1,75,10.2,0,,,,,
13.04.2021 05:20,,,,,,755,82,1.5,90,10.1,0,,,,,
13.04.2021 05:40,,,,,,755,82.6,1.4,82,10,0,,,,,
13.04.2021 06:00,,,,,,755,83,1.5,80,10,0,,,,,
13.04.2021 06:20,,,,,,755,83,1.5,77,10,0,,,,,
13.04.2021 06:40,,,,,,755,83,1.4,62,10.1,0,,,,,
13.04.2021 07:00,,,,,,755,82.1,1.5,87,10.2,0,,,,,
13.04.2021 07:20,,,,,,755,80.8,1,76,10.6,0,,,,,
13.04.2021 07:40,,,,,,754.9,78.9,1,223,11,0,,,,,
13.04.2021 08:00,,,,,,754.9,76.5,0.8,0,11.6,0,,,,,
13.04.2021 08:20,,,,,,754.9,74.4,0.8,53,12.1,0,,,,,
13.04.2021 08:40,,,,,,754.7,72.3,0.9,74,12.7,0,,,,,
13.04.2021 09:00,,,,,,754.7,70,1.2,92,13.3,0,,,,,
13.04.2021 09:20,,,,,,754.7,68.1,1.8,94,13.7,0,,,,,
13.04.2021 09:40,,,,,,754.6,66.2,1.3,0,14.2,0,,,,,
13.04.2021 10:00,,,,,,754.6,63.3,0.9,304,15,0,,,,,
13.04.2021 10:20,,,,,,754.6,60.7,1.2,189,15.8,0,,,,,
13.04.2021 10:40,,,,,,754.6,58.9,1.3,0,16.4,0,,,,,
13.04.2021 11:00,,,,,,754.5,57.9,0.9,92,17,0,,,,,
13.04.2021 11:20,,,,,,754.4,56.4,1.5,359,17.6,0,,,,,
13.04.2021 11:40,,,,,,754.3,54.6,1.7,0,18.1,0,,,,,
13.04.2021 12:00,,,,,,754.2,52.5,1.1,69,19.1,0,,,,,
13.04.2021 12:20,,,,,,754.1,50.4,1.2,88,20,0,,,,,
13.04.2021 12:40,,,,,,754,48,1,71,20.6,0,,,,,
13.04.2021 13:00,,,,,,753.9,44.3,1.3,221,21.6,0,,,,,
13.04.2021 13:20,,,,,,753.8,41.1,1.6,191,22.2,0,,,,,
13.04.2021 13:40,,,,,,753.7,38.9,1.9,245,22.6,0,,,,,
13.04.2021 14:00,,,,,,753.6,37.3,1.9,152,22.7,0,,,,,
13.04.2021 14:20,,,,,,753.5,36.8,1.8,177,22.8,0,,,,,
13.04.2021 14:40,,,,,,753.4,36.7,1.6,220,23.1,0,,,,,
13.04.2021 15:00,,,,,,753.2,36,1.5,192,23.2,0,,,,,
13.04.2021 15:20,,,,,,753.1,36.9,1.4,310,23.2,0,,,,,
13.04.2021 15:40,,,,,,753,37.1,1.6,249,22.9,0,,,,,
13.04.2021 16:00,,,,,,752.9,36.9,1.1,160,22.8,0,,,,,
13.04.2021 16:20,,,,,,752.8,35.5,1.7,212,22.8,0,,,,,
13.04.2021 16:40,,,,,,752.7,33.3,1.2,136,23,0,,,,,
13.04.2021 17:00,,,,,,752.5,33,1.2,152,23.2,0,,,,,
13.04.2021 17:20,,,,,,752.4,33.9,1.7,154,23,0,,,,,
13.04.2021 17:40,,,,,,752.4,35,1.7,167,22.9,0,,,,,
13.04.2021 18:00,,,,,,752.3,37.1,1,8,22.7,0,,,,,
13.04.2021 18:20,,,,,,752.3,39.6,0.9,114,22.3,0,,,,,
13.04.2021 18:40,,,,,,752.2,40.5,0.6,53,22,0,,,,,
13.04.2021 19:00,,,,,,752.2,41,0.9,189,21.6,0,,,,,
13.04.2021 19:20,,,,,,752.2,41.1,0.7,233,21.5,0,,,,,
13.04.2021 19:40,,,,,,752.2,41.5,0.6,277,21.2,0,,,,,
13.04.2021 20:00,,,,,,752.2,42.2,0.5,204,20.7,0,,,,,
13.04.2021 20:20,,,,,,752.3,42.7,0.5,95,20.5,0,,,,,
13.04.2021 20:40,,,,,,752.3,43,0.6,74,20.3,0,,,,,
13.04.2021 21:00,,,,,,752.2,43.1,0.5,69,20.1,0,,,,,
13.04.2021 21:20,,,,,,752.2,43.2,0.7,68,19.8,0,,,,,
13.04.2021 21:40,,,,,,752.1,43.4,0.7,75,19.6,0,,,,,
13.04.2021 22:00,,,,,,752,43.8,0.8,81,19.3,0,,,,,
13.04.2021 22:20,,,,,,752,44,1,68,19,0,,,,,
13.04.2021 22:40,,,,,,751.8,44.5,1.1,76,18.7,0,,,,,
13.04.2021 23:00,,,,,,751.8,45.1,0.8,251,18.4,0,,,,,
13.04.2021 23:20,,,,,,751.7,45.4,0.8,66,18.1,0,,,,,
13.04.2021 23:40,,,,,,751.6,46.2,0.8,69,17.7,0,,,,,
13.09.2021 00:00,,,,,,745.2,89,0,0,17.6,0,,,,,
13.09.2021 00:20,,,,,,745.2,89.9,0,0,17.3,0,,,,,
13.09.2021 00:40,,,,,,745.1,90.8,0,0,17,0,,,,,
13.09.2021 01:00,,,,,,745,91.6,0,0,16.7,0,,,,,
13.09.2021 01:20,,,,,,744.9,92.8,0,0,16.6,0,,,,,
13.09.2021 01:40,,,,,,744.9,93.5,0,0,16.5,0,,,,,
13.09.2021 02:00,,,,,,744.7,93.2,0,0,16.8,0,,,,,
13.09.2021 02:20,,,,,,744.6,93,0,0,16.7,0,,,,,
13.09.2021 02:40,,,,,,744.6,93.1,0,0,16.5,0,,,,,
13.09.2021 03:00,,,,,,744.5,94,0,0,16.4,0,,,,,
13.09.2021 03:20,,,,,,744.4,94,0,0,16.4,0,,,,,
13.09.2021 03:40,,,,,,744.3,94.5,0,0,16.5,0,,,,,
13.09.2021 04:00,,,,,,744.3,93.6,0,0,16.7,0,,,,,
13.09.2021 04:20,,,,,,744.2,93,0,0,16.8,0,,,,,
13.09.2021 04:40,,,,,,744.1,92.5,0,0,16.9,0,,,,,
13.09.2021 05:00,,,,,,744,92,0,0,16.9,0,,,,,
13.09.2021 05:20,,,,,,743.9,92,0,0,16.8,0,,,,,
13.09.2021 05:40,,,,,,743.8,92,0,0,16.4,0,,,,,
13.09.2021 06:00,,,,,,743.7,92.7,0,0,16.1,0,,,,,
13.09.2021 06:20,,,,,,743.6,93,0,0,15.9,0,,,,,
13.09.2021 06:40,,,,,,743.5,93.7,0,0,15.7,0,,,,,
13.09.2021 07:00,,,,,,743.5,94.8,0,0,15.8,0,,,,,
13.09.2021 07:20,,,,,,743.5,94.1,0.1,0,16.2,0,,,,,
13.09.2021 07:40,,,,,,743.4,93.1,0,0,16.4,0,,,,,
13.09.2021 08:00,,,,,,743.3,92,0,0,16.6,0,,,,,
13.09.2021 08:20,,,,,,743.2,90.7,0,0,16.8,0,,,,,
13.09.2021 08:40,,,,,,743.2,88.4,0.2,199,17,0,,,,,
13.09.2021 09:00,,,,,,743.1,86.1,0.5,186,17.4,0,,,,,
13.09.2021 09:20,,,,,,743,84.7,0.2,0,17.9,0,,,,,
13.09.2021 09:40,,,,,,743,82.6,0.2,215,18.4,0,,,,,
13.09.2021 10:00,,,,,,743,80.3,0.5,189,18.7,0,,,,,
13.09.2021 10:20,,,,,,742.9,78.4,0.4,189,18.9,0,,,,,
13.09.2021 10:40,,,,,,742.8,77.1,0.3,191,19.4,0,,,,,
13.09.2021 11:00,,,,,,742.7,74.6,0.6,223,19.9,0,,,,,
13.09.2021 11:20,,,,,,742.5,72.3,0.6,216,20.6,0,,,,,
13.09.2021 11:40,,,,,,742.4,69.7,0.7,225,21.3,0,,,,,
13.09.2021 12:00,,,,,,742.2,67.4,0.8,195,22.1,0,,,,,
13.09.2021 12:20,,,,,,742.1,63.3,0.9,164,22.6,0,,,,,
13.09.2021 12:40,,,,,,741.9,61.1,1.1,166,22.9,0,,,,,
13.09.2021 13:00,,,,,,741.7,60.5,0.9,166,23.3,0,,,,,
13.09.2021 13:20,,,,,,741.6,59.9,1.1,228,23.5,0,,,,,
13.09.2021 13:40,,,,,,741.5,58.6,1,193,23.5,0,,,,,
13.09.2021 14:00,,,,,,741.5,58.5,0.9,135,23.4,0,,,,,
13.09.2021 14:20,,,,,,741.4,59.3,0.9,168,23.3,0,,,,,
13.09.2021 14:40,,,,,,741.4,61,0.7,175,23.2,0,,,,,
13.09.2021 15:00,,,,,,741.3,61.9,1.2,149,23,0,,,,,
13.09.2021 15:20,,,,,,741.2,63.4,0.9,172,22.5,0,,,,,
13.09.2021 15:40,,,,,,741.1,64.6,0.8,184,22.3,0,,,,,
13.09.2021 16:00,,,,,,741.1,69.2,0.7,152,21.7,0,,,,,
13.09.2021 16:20,,,,,,740.9,72.3,0.6,149,20.7,0,,,,,
13.09.2021 16:40,,,,,,740.7,73,0.7,177,20.5,0,,,,,
13.09.2021 17:00,,,,,,740.5,73,0.7,158,20.6,0,,,,,
13.09.2021 17:20,,,,,,740.4,73,0.4,174,20.7,0,,,,,
13.09.2021 17:40,,,,,,740.3,73.8,0.4,168,20.7,0,,,,,
13.09.2021 18:00,,,,,,740.1,74,0.6,158,20.7,0,,,,,
13.09.2021 18:20,,,,,,740,74,0.8,162,20.7,0,,,,,
13.09.2021 18:40,,,,,,740,74.8,0.5,177,20.6,0,,,,,
13.09.2021 19:00,,,,,,740.1,75,0.6,147,20.4,0,,,,,
13.09.2021 19:20,,,,,,740.1,76.1,1.1,180,20.1,0,,,,,
13.09.2021 19:40,,,,,,740,77.7,1,177,19.7,0,,,,,
13.09.2021 20:00,,,,,,740,79.3,0.9,167,19.4,0,,,,,
13.09.2021 20:20,,,,,,740,80.5,0.7,164,19.2,0,,,,,
13.09.2021 20:40,,,,,,740,81.4,0.8,170,18.9,0,,,,,
13.09.2021 21:00,,,,,,740.1,82.4,0.8,157,18.6,0,,,,,
13.09.2021 21:20,,,,,,740,83.5,0.9,191,18.3,0,,,,,
13.09.2021 21:40,,,,,,740,84,0.8,171,18.1,0,,,,,
13.09.2021 22:00,,,,,,740,84,0.8,189,18,0,,,,,
13.09.2021 22:20,,,,,,739.9,83.5,0.8,0,17.9,0,,,,,
13.09.2021 22:40,,,,,,739.9,84,0.4,171,17.8,0,,,,,
13.09.2021 23:00,,,,,,739.9,83.9,0.6,183,17.7,0,,,,,
13.09.2021 23:20,,,,,,739.9,83.6,0.7,183,17.6,0,,,,,
13.09.2021 23:40,,,,,,739.9,83,1,212,17.4,0,,,,,
07.04.2021 00:00,0.2,0.039,0.001,0.036,0.015,,,,,,,,,,,
07.04.2021 00:20,0.2,0.03,0.001,0.034,0.014,,,,,,,,,,,
07.04.2021 00:40,0.2,0.021,0.001,0.028,0.014,,,,,,,,,,,
07.04.2021 01:00,0.2,0.024,0.001,0.026,0.014,,,,,,,,,,,
07.04.2021 01:20,0.2,0.028,0,0.025,0.014,,,,,,,,,,,
07.04.2021 01:40,0.2,0.026,0.001,0.024,0.014,,,,,,,,,,,
07.04.2021 02:00,0.1,0.022,0.001,0.022,0.013,,,,,,,,,,,
07.04.2021 02:20,0.1,0.023,0,0.021,0.013,,,,,,,,,,,
07.04.2021 02:40,0.1,0.027,0.001,0.021,0.014,,,,,,,,,,,
07.04.2021 03:00,0.1,0.029,0.001,0.02,0.013,,,,,,,,,,,
07.04.2021 03:20,0.1,0.029,0,0.021,0.014,,,,,,,,,,,
07.04.2021 03:40,0.1,0.03,0.001,0.02,0.014,,,,,,,,,,,
07.04.2021 04:00,0.1,0.031,0.001,0.02,0.014,,,,,,,,,,,
07.04.2021 04:20,0.1,0.029,0.001,0.022,0.013,,,,,,,,,,,
07.04.2021 04:40,0.1,0.03,0.001,0.023,0.014,,,,,,,,,,,
07.04.2021 05:00,0.1,0.044,0.002,0.026,0.015,,,,,,,,,,,
07.04.2021 05:20,0.1,0.052,0.002,0.03,0.016,,,,,,,,,,,
07.04.2021 05:40,0.1,0.053,0.003,0.034,0.017,,,,,,,,,,,
07.04.2021 06:00,0.1,0.053,0.003,0.038,0.019,,,,,,,,,,,
07.04.2021 06:20,0.1,0.053,0.003,0.04,0.018,,,,,,,,,,,
07.04.2021 06:40,0.1,0.052,0.004,0.041,0.018,,,,,,,,,,,
07.04.2021 07:00,0.1,0.051,0.005,0.042,0.017,,,,,,,,,,,
07.04.2021 07:20,0.2,0.047,0.006,0.044,0.019,,,,,,,,,,,
07.04.2021 07:40,0.2,0.046,0.008,0.048,0.02,,,,,,,,,,,
07.04.2021 08:00,0.2,0.046,0.01,0.051,0.017,,,,,,,,,,,
07.04.2021 08:20,0.2,0.048,0.013,0.054,0.021,,,,,,,,,,,
07.04.2021 08:40,0.3,0.051,0.021,0.059,0.021,,,,,,,,,,,
07.04.2021 09:00,0.3,0.051,0.023,0.063,0.022,,,,,,,,,,,
07.04.2021 09:20,0.3,0.052,0.026,0.066,0.021,,,,,,,,,,,
07.04.2021 09:40,0.3,0.053,0.022,0.058,0.019,,,,,,,,,,,
07.04.2021 10:00,0.3,0.047,0.024,0.049,0.018,,,,,,,,,,,
07.04.2021 10:20,0.3,0.044,0.023,0.05,0.019,,,,,,,,,,,
07.04.2021 10:40,0.3,0.043,0.023,0.057,0.021,,,,,,,,,,,
07.04.2021 11:00,0.2,0.043,0.022,0.068,0.02,,,,,,,,,,,
07.04.2021 11:20,0.2,0.039,0.019,0.068,0.019,,,,,,,,,,,
07.04.2021 11:40,0.2,0.039,0.015,0.063,0.018,,,,,,,,,,,
07.04.2021 12:00,0.1,0.03,0.011,0.057,0.015,,,,,,,,,,,
07.04.2021 12:20,0.1,0.026,0.004,0.047,0.009,,,,,,,,,,,
07.04.2021 12:40,0.1,0.032,0.005,0.042,0.01,,,,,,,,,,,
07.04.2021 13:00,0.1,0.026,0.006,0.04,0.013,,,,,,,,,,,
07.04.2021 13:20,0.1,0.028,0.007,0.04,0.011,,,,,,,,,,,
07.04.2021 13:40,0.1,0.024,0.006,0.045,0.01,,,,,,,,,,,
07.04.2021 14:00,0.1,0.029,0.005,0.054,0.011,,,,,,,,,,,
07.04.2021 14:20,0.1,0.022,0.003,0.059,0.011,,,,,,,,,,,
07.04.2021 14:40,0.1,0.025,0.003,0.052,0.011,,,,,,,,,,,
07.04.2021 15:00,0,0.026,0.003,0.053,0.007,,,,,,,,,,,
07.04.2021 15:20,0,0.026,0.003,0.068,0.01,,,,,,,,,,,
07.04.2021 15:40,0,0.025,0.003,0.077,0.01,,,,,,,,,,,
07.04.2021 16:00,0,0.029,0.003,0.073,0.013,,,,,,,,,,,
07.04.2021 16:20,0,0.023,0.003,0.069,0.013,,,,,,,,,,,
07.04.2021 16:40,0,0.023,0.003,0.057,0.013,,,,,,,,,,,
07.04.2021 17:00,0,0.025,0.002,0.049,0.012,,,,,,,,,,,
07.04.2021 17:20,0,0.022,0.002,0.038,0.012,,,,,,,,,,,
07.04.2021 17:40,0,0.027,0.002,0.034,0.011,,,,,,,,,,,
07.04.2021 18:00,0.1,0.028,0.002,0.041,0.012,,,,,,,,,,,
07.04.2021 18:20,0.1,0.029,0.002,0.034,0.012,,,,,,,,,,,
07.04.2021 18:40,0.1,0.035,0.002,0.027,0.01,,,,,,,,,,,
07.04.2021 19:00,0.1,0.038,0.002,0.025,0.012,,,,,,,,,,,
07.04.2021 19:20,0,0.028,0.002,0.024,0.014,,,,,,,,,,,
07.04.2021 19:40,0,0.026,0.002,0.02,0.01,,,,,,,,,,,
07.04.2021 20:00,0.1,0.031,0.002,0.016,0.01,,,,,,,,,,,
07.04.2021 20:20,0,0.032,0.002,0.013,0.007,,,,,,,,,,,
07.04.2021 20:40,0,0.025,0.001,0.01,0.004,,,,,,,,,,,
07.04.2021 21:00,0,0.022,0.001,0.007,0.004,,,,,,,,,,,
07.04.2021 21:20,0,0.027,0.002,0.006,0.004,,,,,,,,,,,
07.04.2021 21:40,0,0.03,0.002,0.006,0.004,,,,,,,,,,,
07.04.2021 22:00,0.1,0.039,0.002,0.008,0.006,,,,,,,,,,,
07.04.2021 22:20,0.1,0.038,0.002,0.008,0.004,,,,,,,,,,,
07.04.2021 22:40,0.1,0.037,0.001,0.008,0.005,,,,,,,,,,,
07.04.2021 23:00,0.1,0.04,0.001,0.008,0.005,,,,,,,,,,,
07.04.2021 23:20,0.1,0.042,0.001,0.008,0.005,,,,,,,,,,,
07.04.2021 23:40,0,0.035,0.001,0.006,0.005,,,,,,,,,,,
08.04.2021 00:00,0.1,0.038,0.001,0.008,0.008,,,,,,,,,,,
08.04.2021 00:20,0.1,0.05,0.002,0.013,0.012,,,,,,,,,,,
08.04.2021 00:40,0.1,0.052,0.002,0.016,0.012,,,,,,,,,,,
08.04.2021 01:00,0.1,0.057,0.003,0.018,0.014,,,,,,,,,,,
08.04.2021 01:20,0.1,0.059,0.003,0.02,0.015,,,,,,,,,,,
08.04.2021 01:40,0.1,0.058,0.003,0.02,0.014,,,,,,,,,,,
08.04.2021 02:00,0.1,0.059,0.003,0.019,0.013,,,,,,,,,,,
08.04.2021 02:20,0.2,0.049,0.002,0.016,0.009,,,,,,,,,,,
08.04.2021 02:40,0.2,0.036,0.001,0.012,0.008,,,,,,,,,,,
08.04.2021 03:00,0.2,0.041,0.001,0.012,0.008,,,,,,,,,,,
08.04.2021 03:20,0.1,0.035,0.001,0.01,0.006,,,,,,,,,,,
08.04.2021 03:40,0.1,0.033,0.001,0.009,0.006,,,,,,,,,,,
08.04.2021 04:00,0.1,0.03,0.001,0.008,0.006,,,,,,,,,,,
08.04.2021 04:20,0.1,0.027,0.001,0.008,0.005,,,,,,,,,,,
08.04.2021 04:40,0.1,0.023,0,0.007,0.005,,,,,,,,,,,
08.04.2021 05:00,0.1,0.022,0,0.006,0.005,,,,,,,,,,,
08.04.2021 05:20,0.1,0.023,0,0.007,0.006,,,,,,,,,,,
08.04.2021 05:40,0.1,0.023,0,0.008,0.007,,,,,,,,,,,
08.04.2021 06:00,0.1,0.022,0,0.008,0.006,,,,,,,,,,,
08.04.2021 06:20,0.1,0.021,0,0.007,0.006,,,,,,,,,,,
08.04.2021 06:40,0.1,0.024,0.001,0.008,0.007,,,,,,,,,,,
08.04.2021 07:00,0.1,0.029,0.001,0.008,0.007,,,,,,,,,,,
08.04.2021 07:20,0.2,0.03,0.002,0.008,0.008,,,,,,,,,,,
08.04.2021 07:40,0.2,0.038,0.003,0.009,0.006,,,,,,,,,,,
08.04.2021 08:00,0.2,0.044,0.006,0.007,0.004,,,,,,,,,,,
08.04.2021 08:20,0.2,0.04,0.006,0.005,0.002,,,,,,,,,,,
08.04.2021 08:40,0.2,0.038,0.009,0.004,0.003,,,,,,,,,,,
08.04.2021 09:00,0.2,0.055,0.018,0.006,0.006,,,,,,,,,,,
08.04.2021 09:20,0.2,0.041,0.011,0.006,0.003,,,,,,,,,,,
08.04.2021 09:40,0.3,0.047,0.024,0.007,0.006,,,,,,,,,,,
08.04.2021 10:00,0.4,0.043,0.035,0.009,0.006,,,,,,,,,,,
08.04.2021 10:20,0.2,0.035,0.025,0.01,0.006,,,,,,,,,,,
08.04.2021 10:40,0.2,0.033,0.018,0.01,0.006,,,,,,,,,,,
08.04.2021 11:00,0.2,0.029,0.015,0.011,0.006,,,,,,,,,,,
08.04.2021 11:20,0.2,0.022,0.009,0.009,0.005,,,,,,,,,,,
08.04.2021 11:40,0.1,0.031,0.012,0.009,0.005,,,,,,,,,,,
08.04.2021 12:00,0.1,0.026,0.011,0.01,0.006,,,,,,,,,,,
08.04.2021 12:20,0.1,0.022,0.008,0.01,0.007,,,,,,,,,,,
08.04.2021 12:40,0.1,0.021,0.006,0.01,0.007,,,,,,,,,,,
08.04.2021 13:00,0.1,0.019,0.005,0.009,0.006,,,,,,,,,,,
08.04.2021 13:20,0.1,0.02,0.005,0.009,0.007,,,,,,,,,,,
08.04.2021 13:40,0.1,0.02,0.005,0.009,0.008,,,,,,,,,,,
08.04.2021 14:00,0.1,0.018,0.004,0.01,0.007,,,,,,,,,,,
08.04.2021 14:20,0.2,0.018,0.004,0.011,0.008,,,,,,,,,,,
08.04.2021 14:40,0.2,0.018,0.004,0.012,0.007,,,,,,,,,,,
08.04.2021 15:00,0.2,0.017,0.004,0.012,0.008,,,,,,,,,,,
08.04.2021 15:20,0.1,0.014,0.003,0.012,0.009,,,,,,,,,,,
08.04.2021 15:40,0.1,0.014,0.004,0.012,0.009,,,,,,,,,,,
08.04.2021 16:00,0.1,0.013,0.004,0.011,0.006,,,,,,,,,,,
08.04.2021 16:20,0.2,0.017,0.004,0.012,0.007,,,,,,,,,,,
08.04.2021 16:40,0.2,0.018,0.004,0.014,0.007,,,,,,,,,,,
08.04.2021 17:00,0.1,0.018,0.003,0.015,0.007,,,,,,,,,,,
08.04.2021 17:20,0.1,0.018,0.003,0.017,0.007,,,,,,,,,,,
08.04.2021 17:40,0.2,0.021,0.003,0.021,0.009,,,,,,,,,,,
08.04.2021 18:00,0.2,0.023,0.003,0.025,0.01,,,,,,,,,,,
08.04.2021 18:20,0.2,0.024,0.003,0.017,0.004,,,,,,,,,,,
08.04.2021 18:40,0.2,0.03,0.003,0.011,0.005,,,,,,,,,,,
08.04.2021 19:00,0.2,0.036,0.004,0.012,0.007,,,,,,,,,,,
08.04.2021 19:20,0.3,0.05,0.005,0.013,0.008,,,,,,,,,,,
08.04.2021 19:40,0.3,0.055,0.007,0.015,0.007,,,,,,,,,,,
08.04.2021 20:00,0.2,0.04,0.004,0.012,0.007,,,,,,,,,,,
08.04.2021 20:20,0.2,0.043,0.005,0.011,0.006,,,,,,,,,,,
08.04.2021 20:40,0.2,0.042,0.003,0.011,0.005,,,,,,,,,,,
08.04.2021 21:00,0.2,0.04,0.003,0.01,0.006,,,,,,,,,,,
08.04.2021 21:20,0.2,0.041,0.003,0.01,0.006,,,,,,,,,,,
08.04.2021 21:40,0.2,0.041,0.003,0.01,0.006,,,,,,,,,,,
08.04.2021 22:00,0.2,0.04,0.002,0.011,0.007,,,,,,,,,,,
08.04.2021 22:20,0.2,0.038,0.002,0.011,0.005,,,,,,,,,,,
08.04.2021 22:40,0.2,0.036,0.003,0.011,0.007,,,,,,,,,,,
08.04.2021 23:00,0.2,0.032,0.002,0.011,0.006,,,,,,,,,,,
08.04.2021 23:20,0.2,0.034,0.002,0.011,0.006,,,,,,,,,,,
08.04.2021 23:40,0.2,0.032,0.001,0.011,0.006,,,,,,,,,,,
09.04.2021 00:00,,,,,,744.8,86.1,1.5,228,2.3,0,,,,,
09.04.2021 00:20,,,,,,745,86.9,1.8,120,2.3,0,,,,,
09.04.2021 00:40,,,,,,745.1,87.4,1.4,176,2.2,0,,,,,
09.04.2021 01:00,,,,,,745.3,88,1.4,197,2.1,0,,,,,
09.04.2021 01:20,,,,,,745.4,89,1.3,215,1.9,0,,,,,
09.04.2021 01:40,,,,,,745.6,89.2,1.4,175,1.7,0,,,,,
09.04.2021 02:00,,,,,,745.7,89.6,1.4,166,1.5,0,,,,,
09.04.2021 02:20,,,,,,745.9,90,1.4,220,1.5,0,,,,,
09.04.2021 02:40,,,,,,746.1,89.3,1.3,165,1.7,0,,,,,
09.04.2021 03:00,,,,,,746.3,89,1.4,214,1.8,0,,,,,
09.04.2021 03:20,,,,,,746.5,89,1,162,1.9,0,,,,,
09.04.2021 03:40,,,,,,746.6,89,0.9,176,1.9,0,,,,,
09.04.2021 04:00,,,,,,746.8,88.3,1.1,191,1.9,0,,,,,
09.04.2021 04:20,,,,,,747,88,0.9,184,2,0,,,,,
09.04.2021 04:40,,,,,,747.3,88.1,0.9,210,2.1,0,,,,,
09.04.2021 05:00,,,,,,747.4,88,1.1,176,2,0,,,,,
09.04.2021 05:20,,,,,,747.6,87.4,1.1,202,1.9,0,,,,,
09.04.2021 05:40,,,,,,747.8,87.6,1,166,1.8,0,,,,,
09.04.2021 06:00,,,,,,748,88,1.4,186,1.8,0,,,,,
09.04.2021 06:20,,,,,,748.3,87.8,0.8,0,1.8,0,,,,,
09.04.2021 06:40,,,,,,748.6,88,0.8,192,1.8,0,,,,,
09.04.2021 07:00,,,,,,748.9,88.5,1.6,210,1.6,0,,,,,
09.04.2021 07:20,,,,,,749.3,89,1.5,173,1.5,0,,,,,
09.04.2021 07:40,,,,,,749.4,89,1.1,213,1.5,0,,,,,
09.04.2021 08:00,,,,,,749.7,88.4,0.7,198,1.7,0,,,,,
09.04.2021 08:20,,,,,,750,87.8,0.9,222,2.1,0,,,,,
09.04.2021 08:40,,,,,,750.2,87.1,1.4,194,2.2,0,,,,,
09.04.2021 09:00,,,,,,750.5,86.7,1.6,189,2.3,0,,,,,
09.04.2021 09:20,,,,,,750.7,86,1.8,178,2.7,0,,,,,
09.04.2021 09:40,,,,,,750.9,85.2,1.6,172,2.9,0,,,,,
09.04.2021 10:00,,,,,,751.2,83.4,1.6,181,3.4,0,,,,,
09.04.2021 10:20,,,,,,751.4,82.1,0.9,192,3.5,0,,,,,
09.04.2021 10:40,,,,,,751.6,81.9,1.9,189,3.5,0,,,,,
09.04.2021 11:00,,,,,,751.7,80.1,1.4,226,4,0,,,,,
09.04.2021 11:20,,,,,,751.8,78,1.5,171,4.5,0,,,,,
09.04.2021 11:40,,,,,,751.8,74.8,1.6,0,5.3,0,,,,,
09.04.2021 12:00,,,,,,751.8,71.7,1.4,175,6.1,0,,,,,
09.04.2021 12:20,,,,,,751.9,67.4,1.4,207,6.7,0,,,,,
09.04.2021 12:40,,,,,,752,63.2,1.1,266,7.3,0,,,,,
09.04.2021 13:00,,,,,,752.1,60.3,1.2,158,7.5,0,,,,,
09.04.2021 13:20,,,,,,752.2,60.6,1,236,7.2,0,,,,,
09.04.2021 13:40,,,,,,752.3,57.2,1.1,156,7.8,0,,,,,
09.04.2021 14:00,,,,,,752.4,56.3,0.7,228,7.4,0,,,,,
09.04.2021 14:20,,,,,,752.4,53,0.8,220,7.4,0,,,,,
09.04.2021 14:40,,,,,,752.3,50.1,1,158,8.3,0,,,,,
09.04.2021 15:00,,,,,,752.3,48.3,1.8,187,8.2,0,,,,,
09.04.2021 15:20,,,,,,752.3,47.8,1.3,0,8.4,0,,,,,
09.04.2021 15:40,,,,,,752.4,45.8,2.1,184,8.9,0,,,,,
09.04.2021 16:00,,,,,,752.4,45.4,1.9,188,9.1,0,,,,,
09.04.2021 16:20,,,,,,752.4,46.5,1.4,158,8.9,0,,,,,
09.04.2021 16:40,,,,,,752.5,47.7,1.6,162,8.7,0,,,,,
09.04.2021 17:00,,,,,,752.6,49.9,1.7,227,8.4,0,,,,,
09.04.2021 17:20,,,,,,752.7,50.2,1.4,185,8.3,0,,,,,
09.04.2021 17:40,,,,,,752.8,49.2,1.6,160,8.5,0,,,,,
09.04.2021 18:00,,,,,,752.9,51.1,1.5,166,8.3,0,,,,,
09.04.2021 18:20,,,,,,752.9,51.1,1.3,174,8.2,0,,,,,
09.04.2021 18:40,,,,,,753,50.2,1.6,146,8.1,0,,,,,
09.04.2021 19:00,,,,,,753.1,49.5,1.5,164,8,0,,,,,
09.04.2021 19:20,,,,,,753.2,49.2,1.3,160,7.9,0,,,,,
09.04.2021 19:40,,,,,,753.3,46.2,1.5,156,7.8,0,,,,,
09.04.2021 20:00,,,,,,753.5,45.3,1.6,158,7.7,0,,,,,
09.04.2021 20:20,,,,,,753.6,47.4,1.3,178,7.6,0,,,,,
09.04.2021 20:40,,,,,,753.7,50.2,1.4,173,7.4,0,,,,,
09.04.2021 21:00,,,,,,753.8,51.6,1.2,174,7.2,0,,,,,
09.04.2021 21:20,,,,,,753.9,53.1,1,235,7.1,0,,,,,
09.04.2021 21:40,,,,,,754,54,0.9,161,7,0,,,,,
09.04.2021 22:00,,,,,,754.1,54,0.7,156,6.8,0,,,,,
09.04.2021 22:20,,,,,,754.2,54.1,0.9,168,6.8,0,,,,,
09.04.2021 22:40,,,,,,754.2,54.5,0.7,156,6.7,0,,,,,
09.04.2021 23:00,,,,,,754.3,55,0.8,163,6.5,0,,,,,
09.04.2021 23:20,,,,,,754.4,55.2,0.6,161,6.3,0,,,,,
09.04.2021 23:40,,,,,,754.4,55.8,0.3,164,6.1,0,,,,,
